{
  "instance_dir": "D:\\TextArena\\examples\\benchmark\\real_small_batch\\lead_time_0\\399087021",
  "instance_name": "399087021",
  "promised_lead_time": 0,
  "model": "google/gemini-3-pro-preview",
  "num_runs_llm": 1,
  "num_runs_deterministic": 1,
  "max_periods": null,
  "summary": {
    "perfect_score": 8464.0,
    "ratios": {
      "or": 0.6323251417769377,
      "llm": 0.7882797731568998,
      "llm_to_or": 0.7790642722117203,
      "or_to_llm": 0.7869801512287334,
      "perfect_score": 1.0
    },
    "warnings": null
  },
  "results": {
    "or": {
      "rewards": [
        5352.0
      ],
      "mean": 5352.0,
      "std": 0.0,
      "min": 5352.0,
      "max": 5352.0,
      "count": 1,
      "ratio_to_perfect": 0.6323251417769377
    },
    "llm": {
      "rewards": [
        6672.0
      ],
      "mean": 6672.0,
      "std": 0.0,
      "min": 6672.0,
      "max": 6672.0,
      "count": 1,
      "ratio_to_perfect": 0.7882797731568998
    },
    "llm_to_or": {
      "rewards": [
        6594.0
      ],
      "mean": 6594.0,
      "std": 0.0,
      "min": 6594.0,
      "max": 6594.0,
      "count": 1,
      "ratio_to_perfect": 0.7790642722117203
    },
    "or_to_llm": {
      "rewards": [
        6661.0
      ],
      "mean": 6661.0,
      "std": 0.0,
      "min": 6661.0,
      "max": 6661.0,
      "count": 1,
      "ratio_to_perfect": 0.7869801512287334
    },
    "perfect_score": {
      "rewards": [
        8464.0
      ],
      "mean": 8464.0,
      "std": 0.0,
      "min": 8464.0,
      "max": 8464.0,
      "count": 1,
      "ratio_to_perfect": 1.0
    }
  },
  "errors": {}
}