{
  "instance_dir": "D:\\TextArena\\examples\\benchmark\\synthetic_small_batch\\p_h_med\\lead_time_4\\p05_decreasing_trend\\v1_200_minus_3t\\r1",
  "instance_name": "r1",
  "promised_lead_time": 4,
  "model": "google/gemini-3-pro-preview",
  "num_runs_llm": 1,
  "num_runs_deterministic": 1,
  "max_periods": null,
  "summary": {
    "perfect_score": 25200.0,
    "ratios": {
      "or": 0.3657539682539683,
      "llm": 0.39242063492063495,
      "llm_to_or": 0.6130555555555556,
      "or_to_llm": 0.5410714285714285,
      "perfect_score": 1.0
    },
    "warnings": null
  },
  "results": {
    "or": {
      "rewards": [
        9217.0
      ],
      "mean": 9217.0,
      "std": 0.0,
      "min": 9217.0,
      "max": 9217.0,
      "count": 1,
      "ratio_to_perfect": 0.3657539682539683
    },
    "llm": {
      "rewards": [
        9889.0
      ],
      "mean": 9889.0,
      "std": 0.0,
      "min": 9889.0,
      "max": 9889.0,
      "count": 1,
      "ratio_to_perfect": 0.39242063492063495
    },
    "llm_to_or": {
      "rewards": [
        15449.0
      ],
      "mean": 15449.0,
      "std": 0.0,
      "min": 15449.0,
      "max": 15449.0,
      "count": 1,
      "ratio_to_perfect": 0.6130555555555556
    },
    "or_to_llm": {
      "rewards": [
        13635.0
      ],
      "mean": 13635.0,
      "std": 0.0,
      "min": 13635.0,
      "max": 13635.0,
      "count": 1,
      "ratio_to_perfect": 0.5410714285714285
    },
    "perfect_score": {
      "rewards": [
        25200.0
      ],
      "mean": 25200.0,
      "std": 0.0,
      "min": 25200.0,
      "max": 25200.0,
      "count": 1,
      "ratio_to_perfect": 1.0
    }
  },
  "errors": {}
}