{
  "instance_dir": "D:\\TextArena\\examples\\benchmark\\synthetic_small_batch\\p_h_med\\lead_time_4\\p02_mean_increase\\v1_100to200\\r1",
  "instance_name": "r1",
  "promised_lead_time": 4,
  "model": "google/gemini-3-pro-preview",
  "num_runs_llm": 1,
  "num_runs_deterministic": 1,
  "max_periods": null,
  "summary": {
    "perfect_score": 33552.0,
    "ratios": {
      "or": 0.7204041487839771,
      "llm": 0.7466022889842633,
      "llm_to_or": 0.7582558416785885,
      "or_to_llm": 0.7739329995231283,
      "perfect_score": 1.0
    },
    "warnings": null
  },
  "results": {
    "or": {
      "rewards": [
        24171.0
      ],
      "mean": 24171.0,
      "std": 0.0,
      "min": 24171.0,
      "max": 24171.0,
      "count": 1,
      "ratio_to_perfect": 0.7204041487839771
    },
    "llm": {
      "rewards": [
        25050.0
      ],
      "mean": 25050.0,
      "std": 0.0,
      "min": 25050.0,
      "max": 25050.0,
      "count": 1,
      "ratio_to_perfect": 0.7466022889842633
    },
    "llm_to_or": {
      "rewards": [
        25441.0
      ],
      "mean": 25441.0,
      "std": 0.0,
      "min": 25441.0,
      "max": 25441.0,
      "count": 1,
      "ratio_to_perfect": 0.7582558416785885
    },
    "or_to_llm": {
      "rewards": [
        25967.0
      ],
      "mean": 25967.0,
      "std": 0.0,
      "min": 25967.0,
      "max": 25967.0,
      "count": 1,
      "ratio_to_perfect": 0.7739329995231283
    },
    "perfect_score": {
      "rewards": [
        33552.0
      ],
      "mean": 33552.0,
      "std": 0.0,
      "min": 33552.0,
      "max": 33552.0,
      "count": 1,
      "ratio_to_perfect": 1.0
    }
  },
  "errors": {}
}