{
  "instance_dir": "D:\\TextArena\\examples\\H&M_instances\\weekly_H&M_instances\\464297007",
  "instance_name": "464297007",
  "promised_lead_time": 0,
  "num_runs_llm": 5,
  "num_runs_deterministic": 1,
  "max_periods": null,
  "results": {
    "or": {
      "rewards": [
        38591.0
      ],
      "mean": 38591.0,
      "std": 0.0,
      "min": 38591.0,
      "max": 38591.0,
      "count": 1
    },
    "llm": {
      "rewards": [
        37369.0,
        36566.0,
        35744.0,
        35029.0,
        35756.0
      ],
      "mean": 36092.8,
      "std": 802.417696714124,
      "min": 35029.0,
      "max": 37369.0,
      "count": 5
    },
    "llm_to_or": {
      "rewards": [
        35078.0,
        35728.0,
        35654.0,
        34600.0
      ],
      "mean": 35265.0,
      "std": 459.0435709167486,
      "min": 34600.0,
      "max": 35728.0,
      "count": 4
    },
    "simple_llm_to_or": {
      "rewards": [
        37030.0,
        36612.0,
        36867.0,
        37004.0,
        36590.0
      ],
      "mean": 36820.6,
      "std": 187.7909475986529,
      "min": 36590.0,
      "max": 37030.0,
      "count": 5
    },
    "or_to_llm": {
      "rewards": [
        37140.0,
        38263.0,
        37470.0,
        38034.0,
        38329.0
      ],
      "mean": 37847.2,
      "std": 465.2583798278114,
      "min": 37140.0,
      "max": 38329.0,
      "count": 5
    },
    "perfect_score": {
      "rewards": [
        47144.0
      ],
      "mean": 47144.0,
      "std": 0.0,
      "min": 47144.0,
      "max": 47144.0,
      "count": 1
    }
  },
  "errors": {
    "llm_to_or": [
      "Could not extract reward from output. Exit code: 1"
    ]
  }
}