{
  "instance_dir": "D:\\TextArena\\examples\\benchmark\\real_small_batch\\lead_time_0\\224606019",
  "instance_name": "224606019",
  "promised_lead_time": 0,
  "model": "google/gemini-3-pro-preview",
  "num_runs_llm": 1,
  "num_runs_deterministic": 1,
  "max_periods": null,
  "summary": {
    "perfect_score": 11700.0,
    "ratios": {
      "or": 0.8161538461538461,
      "llm": 0.8108547008547009,
      "or_to_llm": 0.7923076923076923,
      "perfect_score": 1.0,
      "llm_to_or": 0.7965811965811965
    },
    "warnings": null
  },
  "results": {
    "or": {
      "rewards": [
        9549.0
      ],
      "mean": 9549.0,
      "std": 0.0,
      "min": 9549.0,
      "max": 9549.0,
      "count": 1,
      "ratio_to_perfect": 0.8161538461538461
    },
    "llm": {
      "rewards": [
        9487.0
      ],
      "mean": 9487.0,
      "std": 0.0,
      "min": 9487.0,
      "max": 9487.0,
      "count": 1,
      "ratio_to_perfect": 0.8108547008547009
    },
    "llm_to_or": {
      "rewards": [
        9320.0
      ],
      "mean": 9320.0,
      "std": 0.0,
      "min": 9320.0,
      "max": 9320.0,
      "count": 1,
      "ratio_to_perfect": 0.7965811965811965
    },
    "or_to_llm": {
      "rewards": [
        9270.0
      ],
      "mean": 9270.0,
      "std": 0.0,
      "min": 9270.0,
      "max": 9270.0,
      "count": 1,
      "ratio_to_perfect": 0.7923076923076923
    },
    "perfect_score": {
      "rewards": [
        11700.0
      ],
      "mean": 11700.0,
      "std": 0.0,
      "min": 11700.0,
      "max": 11700.0,
      "count": 1,
      "ratio_to_perfect": 1.0
    }
  },
  "errors": {}
}