{
  "instance_dir": "D:\\TextArena\\examples\\H&M_instances\\weekly_H&M_instances\\706016001",
  "instance_name": "706016001",
  "promised_lead_time": 2,
  "num_runs_llm": 5,
  "num_runs_deterministic": 1,
  "max_periods": null,
  "results": {
    "or": {
      "rewards": [
        23865.0
      ],
      "mean": 23865.0,
      "std": 0.0,
      "min": 23865.0,
      "max": 23865.0,
      "count": 1
    },
    "llm": {
      "rewards": [
        43178.0,
        47000.0,
        56585.0,
        24930.0,
        53990.0
      ],
      "mean": 45136.6,
      "std": 11180.908828892221,
      "min": 24930.0,
      "max": 56585.0,
      "count": 5
    },
    "llm_to_or": {
      "rewards": [
        48584.0,
        15848.0,
        35328.0,
        35408.0,
        41837.0
      ],
      "mean": 35401.0,
      "std": 10931.960226784582,
      "min": 15848.0,
      "max": 48584.0,
      "count": 5
    },
    "simple_llm_to_or": {
      "rewards": [
        32785.0,
        42527.0,
        37848.0,
        30143.0,
        30107.0
      ],
      "mean": 34682.0,
      "std": 4831.135187510281,
      "min": 30107.0,
      "max": 42527.0,
      "count": 5
    },
    "or_to_llm": {
      "rewards": [
        52251.0,
        55709.0,
        48758.0,
        53008.0,
        48088.0
      ],
      "mean": 51562.8,
      "std": 2817.5995031231814,
      "min": 48088.0,
      "max": 55709.0,
      "count": 5
    },
    "perfect_score": {
      "rewards": [
        102796.0
      ],
      "mean": 102796.0,
      "std": 0.0,
      "min": 102796.0,
      "max": 102796.0,
      "count": 1
    }
  },
  "errors": {}
}