{
  "instance_dir": "D:\\TextArena\\examples\\H&M_instances\\weekly_H&M_instances\\706016001",
  "instance_name": "706016001",
  "promised_lead_time": 4,
  "num_runs_llm": 5,
  "num_runs_deterministic": 1,
  "max_periods": null,
  "results": {
    "or": {
      "rewards": [
        50324.0
      ],
      "mean": 50324.0,
      "std": 0.0,
      "min": 50324.0,
      "max": 50324.0,
      "count": 1
    },
    "llm": {
      "rewards": [
        32777.0,
        32618.0,
        31062.0,
        41615.0,
        28218.0
      ],
      "mean": 33258.0,
      "std": 4487.859757167106,
      "min": 28218.0,
      "max": 41615.0,
      "count": 5
    },
    "llm_to_or": {
      "rewards": [
        50279.0,
        50111.0,
        51794.0,
        53459.0,
        46410.0
      ],
      "mean": 50410.6,
      "std": 2337.452339621067,
      "min": 46410.0,
      "max": 53459.0,
      "count": 5
    },
    "simple_llm_to_or": {
      "rewards": [
        50396.0,
        49807.0,
        48482.0,
        50646.0
      ],
      "mean": 49832.75,
      "std": 837.2297698362141,
      "min": 48482.0,
      "max": 50646.0,
      "count": 4
    },
    "or_to_llm": {
      "rewards": [
        53229.0,
        49982.0,
        51276.0,
        53706.0,
        51568.0
      ],
      "mean": 51952.2,
      "std": 1355.9186406270842,
      "min": 49982.0,
      "max": 53706.0,
      "count": 5
    },
    "perfect_score": {
      "rewards": [
        96160.0
      ],
      "mean": 96160.0,
      "std": 0.0,
      "min": 96160.0,
      "max": 96160.0,
      "count": 1
    }
  },
  "errors": {
    "simple_llm_to_or": [
      "Could not extract reward from output. Exit code: 1"
    ]
  }
}