{
  "instance_dir": "D:\\TextArena\\examples\\H&M_instances\\weekly_H&M_instances\\706016001",
  "instance_name": "706016001",
  "promised_lead_time": 0,
  "num_runs_llm": 5,
  "num_runs_deterministic": 1,
  "max_periods": null,
  "results": {
    "or": {
      "rewards": [
        81171.0
      ],
      "mean": 81171.0,
      "std": 0.0,
      "min": 81171.0,
      "max": 81171.0,
      "count": 1
    },
    "llm": {
      "rewards": [
        82701.0,
        84695.0,
        82981.0,
        84095.0,
        84897.0
      ],
      "mean": 83873.8,
      "std": 888.0077477139487,
      "min": 82701.0,
      "max": 84897.0,
      "count": 5
    },
    "llm_to_or": {
      "rewards": [
        77706.0,
        79202.0,
        76794.0,
        82009.0,
        79821.0
      ],
      "mean": 79106.4,
      "std": 1802.9527558979464,
      "min": 76794.0,
      "max": 82009.0,
      "count": 5
    },
    "simple_llm_to_or": {
      "rewards": [
        83013.0,
        84321.0,
        84393.0,
        85192.0,
        85261.0
      ],
      "mean": 84436.0,
      "std": 811.4387222705113,
      "min": 83013.0,
      "max": 85261.0,
      "count": 5
    },
    "or_to_llm": {
      "rewards": [
        83690.0,
        83184.0,
        83328.0,
        82916.0,
        84855.0
      ],
      "mean": 83594.6,
      "std": 677.9196412555104,
      "min": 82916.0,
      "max": 84855.0,
      "count": 5
    },
    "perfect_score": {
      "rewards": [
        105480.0
      ],
      "mean": 105480.0,
      "std": 0.0,
      "min": 105480.0,
      "max": 105480.0,
      "count": 1
    }
  },
  "errors": {}
}