{
  "instance_dir": "D:\\TextArena\\examples\\initial_synthetic_demand_files\\case2_sudden_shift_cp15",
  "instance_name": "case2_sudden_shift_cp15",
  "promised_lead_time": 2,
  "num_runs_llm": 5,
  "num_runs_deterministic": 1,
  "max_periods": null,
  "results": {
    "or": {
      "rewards": [
        6428.0
      ],
      "mean": 6428.0,
      "std": 0.0,
      "min": 6428.0,
      "max": 6428.0,
      "count": 1
    },
    "llm": {
      "rewards": [
        21245.0,
        22511.0,
        21712.0,
        22901.0,
        22317.0
      ],
      "mean": 22137.2,
      "std": 588.6018688383516,
      "min": 21245.0,
      "max": 22901.0,
      "count": 5
    },
    "llm_to_or": {
      "rewards": [
        15008.0,
        16649.0,
        13092.0,
        16870.0,
        17060.0
      ],
      "mean": 15735.8,
      "std": 1509.5178568006409,
      "min": 13092.0,
      "max": 17060.0,
      "count": 5
    },
    "simple_llm_to_or": {
      "rewards": [
        13523.0,
        13571.0,
        13355.0,
        14424.0,
        14009.0
      ],
      "mean": 13776.4,
      "std": 389.22158213542065,
      "min": 13355.0,
      "max": 14424.0,
      "count": 5
    },
    "or_to_llm": {
      "rewards": [
        20789.0,
        20532.0,
        21221.0,
        20486.0,
        19966.0
      ],
      "mean": 20598.8,
      "std": 410.10505971031375,
      "min": 19966.0,
      "max": 21221.0,
      "count": 5
    },
    "perfect_score": {
      "rewards": [
        34220.0
      ],
      "mean": 34220.0,
      "std": 0.0,
      "min": 34220.0,
      "max": 34220.0,
      "count": 1
    }
  },
  "errors": {}
}