{
  "instance_dir": "D:\\TextArena\\examples\\initial_synthetic_demand_files\\case2_sudden_shift_cp15",
  "instance_name": "case2_sudden_shift_cp15",
  "promised_lead_time": 4,
  "num_runs_llm": 5,
  "num_runs_deterministic": 1,
  "max_periods": null,
  "results": {
    "or": {
      "rewards": [
        25089.0
      ],
      "mean": 25089.0,
      "std": 0.0,
      "min": 25089.0,
      "max": 25089.0,
      "count": 1
    },
    "llm": {
      "rewards": [
        23504.0,
        22624.0,
        19327.0,
        22069.0,
        24164.0
      ],
      "mean": 22337.6,
      "std": 1668.179199007109,
      "min": 19327.0,
      "max": 24164.0,
      "count": 5
    },
    "llm_to_or": {
      "rewards": [
        27954.0,
        27475.0,
        27549.0,
        27716.0
      ],
      "mean": 27673.5,
      "std": 183.97622128960035,
      "min": 27475.0,
      "max": 27954.0,
      "count": 4
    },
    "simple_llm_to_or": {
      "rewards": [
        26161.0,
        26978.0,
        26391.0,
        26729.0,
        26599.0
      ],
      "mean": 26571.6,
      "std": 279.9625689266335,
      "min": 26161.0,
      "max": 26978.0,
      "count": 5
    },
    "or_to_llm": {
      "rewards": [
        27089.0,
        27362.0,
        27519.0,
        27004.0,
        27118.0
      ],
      "mean": 27218.4,
      "std": 191.71499680515345,
      "min": 27004.0,
      "max": 27519.0,
      "count": 5
    },
    "perfect_score": {
      "rewards": [
        32952.0
      ],
      "mean": 32952.0,
      "std": 0.0,
      "min": 32952.0,
      "max": 32952.0,
      "count": 1
    }
  },
  "errors": {
    "llm_to_or": [
      "Could not extract reward from output. Exit code: 1"
    ]
  }
}