{
  "instance_dir": "D:\\TextArena\\examples\\benchmark\\synthetic_small_batch\\p_h_med\\lead_time_0\\p03_mean_decrease\\v1_100to50\\r1",
  "instance_name": "r1",
  "promised_lead_time": 0,
  "model": "google/gemini-3-pro-preview",
  "num_runs_llm": 1,
  "num_runs_deterministic": 1,
  "max_periods": null,
  "summary": {
    "perfect_score": 12484.0,
    "ratios": {
      "or": 0.8201698173662287,
      "llm": 0.8721563601409804,
      "llm_to_or": 0.8758410765780199,
      "or_to_llm": 0.8515700096123038,
      "perfect_score": 1.0
    },
    "warnings": null
  },
  "results": {
    "or": {
      "rewards": [
        10239.0
      ],
      "mean": 10239.0,
      "std": 0.0,
      "min": 10239.0,
      "max": 10239.0,
      "count": 1,
      "ratio_to_perfect": 0.8201698173662287
    },
    "llm": {
      "rewards": [
        10888.0
      ],
      "mean": 10888.0,
      "std": 0.0,
      "min": 10888.0,
      "max": 10888.0,
      "count": 1,
      "ratio_to_perfect": 0.8721563601409804
    },
    "llm_to_or": {
      "rewards": [
        10934.0
      ],
      "mean": 10934.0,
      "std": 0.0,
      "min": 10934.0,
      "max": 10934.0,
      "count": 1,
      "ratio_to_perfect": 0.8758410765780199
    },
    "or_to_llm": {
      "rewards": [
        10631.0
      ],
      "mean": 10631.0,
      "std": 0.0,
      "min": 10631.0,
      "max": 10631.0,
      "count": 1,
      "ratio_to_perfect": 0.8515700096123038
    },
    "perfect_score": {
      "rewards": [
        12484.0
      ],
      "mean": 12484.0,
      "std": 0.0,
      "min": 12484.0,
      "max": 12484.0,
      "count": 1,
      "ratio_to_perfect": 1.0
    }
  },
  "errors": {}
}