{
  "instance_dir": "D:\\TextArena\\examples\\benchmark\\synthetic_small_batch\\p_h_med\\lead_time_0\\p10_autocorrelated\\v1_phi_0_7\\r1",
  "instance_name": "r1",
  "promised_lead_time": 0,
  "model": "google/gemini-3-pro-preview",
  "num_runs_llm": 1,
  "num_runs_deterministic": 1,
  "max_periods": null,
  "summary": {
    "perfect_score": 21288.0,
    "ratios": {
      "or": 0.8944475760992108,
      "llm": 0.9027102123260993,
      "llm_to_or": 0.9109827132656896,
      "or_to_llm": 0.9042653137918076,
      "perfect_score": 1.0
    },
    "warnings": null
  },
  "results": {
    "or": {
      "rewards": [
        19041.0
      ],
      "mean": 19041.0,
      "std": 0.0,
      "min": 19041.0,
      "max": 19041.0,
      "count": 1,
      "ratio_to_perfect": 0.8944475760992108
    },
    "llm": {
      "rewards": [
        19217.0
      ],
      "mean": 19217.0,
      "std": 0.0,
      "min": 19217.0,
      "max": 19217.0,
      "count": 1,
      "ratio_to_perfect": 0.9027102123260993
    },
    "llm_to_or": {
      "rewards": [
        19393.0
      ],
      "mean": 19393.0,
      "std": 0.0,
      "min": 19393.0,
      "max": 19393.0,
      "count": 1,
      "ratio_to_perfect": 0.9109827132656896
    },
    "or_to_llm": {
      "rewards": [
        19250.0
      ],
      "mean": 19250.0,
      "std": 0.0,
      "min": 19250.0,
      "max": 19250.0,
      "count": 1,
      "ratio_to_perfect": 0.9042653137918076
    },
    "perfect_score": {
      "rewards": [
        21288.0
      ],
      "mean": 21288.0,
      "std": 0.0,
      "min": 21288.0,
      "max": 21288.0,
      "count": 1,
      "ratio_to_perfect": 1.0
    }
  },
  "errors": {}
}