{
  "instance_dir": "D:\\TextArena\\examples\\benchmark\\synthetic_small_batch\\p_h_med\\lead_time_4\\p09_temp_spike_dip\\v1_temp_surge\\r1",
  "instance_name": "r1",
  "promised_lead_time": 4,
  "model": "google/gemini-3-pro-preview",
  "num_runs_llm": 1,
  "num_runs_deterministic": 1,
  "max_periods": null,
  "summary": {
    "perfect_score": 24816.0,
    "ratios": {
      "or": 0.5064877498388136,
      "llm": 0.4921824629271438,
      "llm_to_or": 0.5772485493230174,
      "or_to_llm": 0.4595019342359768,
      "perfect_score": 1.0
    },
    "warnings": null
  },
  "results": {
    "or": {
      "rewards": [
        12569.0
      ],
      "mean": 12569.0,
      "std": 0.0,
      "min": 12569.0,
      "max": 12569.0,
      "count": 1,
      "ratio_to_perfect": 0.5064877498388136
    },
    "llm": {
      "rewards": [
        12214.0
      ],
      "mean": 12214.0,
      "std": 0.0,
      "min": 12214.0,
      "max": 12214.0,
      "count": 1,
      "ratio_to_perfect": 0.4921824629271438
    },
    "llm_to_or": {
      "rewards": [
        14325.0
      ],
      "mean": 14325.0,
      "std": 0.0,
      "min": 14325.0,
      "max": 14325.0,
      "count": 1,
      "ratio_to_perfect": 0.5772485493230174
    },
    "or_to_llm": {
      "rewards": [
        11403.0
      ],
      "mean": 11403.0,
      "std": 0.0,
      "min": 11403.0,
      "max": 11403.0,
      "count": 1,
      "ratio_to_perfect": 0.4595019342359768
    },
    "perfect_score": {
      "rewards": [
        24816.0
      ],
      "mean": 24816.0,
      "std": 0.0,
      "min": 24816.0,
      "max": 24816.0,
      "count": 1,
      "ratio_to_perfect": 1.0
    }
  },
  "errors": {}
}