{
  "instance_dir": "D:\\TextArena\\examples\\benchmark\\real_small_batch\\lead_time_0\\156231001",
  "instance_name": "156231001",
  "promised_lead_time": 0,
  "model": "google/gemini-3-pro-preview",
  "num_runs_llm": 1,
  "num_runs_deterministic": 1,
  "max_periods": null,
  "summary": {
    "perfect_score": 43580.0,
    "ratios": {
      "or": 0.7908444240477284,
      "llm": 0.8495410738871042,
      "or_to_llm": 0.8774208352455255,
      "perfect_score": 1.0,
      "llm_to_or": 0.8557595227168426
    },
    "warnings": null
  },
  "results": {
    "or": {
      "rewards": [
        34465.0
      ],
      "mean": 34465.0,
      "std": 0.0,
      "min": 34465.0,
      "max": 34465.0,
      "count": 1,
      "ratio_to_perfect": 0.7908444240477284
    },
    "llm": {
      "rewards": [
        37023.0
      ],
      "mean": 37023.0,
      "std": 0.0,
      "min": 37023.0,
      "max": 37023.0,
      "count": 1,
      "ratio_to_perfect": 0.8495410738871042
    },
    "llm_to_or": {
      "rewards": [
        37294.0
      ],
      "mean": 37294.0,
      "std": 0.0,
      "min": 37294.0,
      "max": 37294.0,
      "count": 1,
      "ratio_to_perfect": 0.8557595227168426
    },
    "or_to_llm": {
      "rewards": [
        38238.0
      ],
      "mean": 38238.0,
      "std": 0.0,
      "min": 38238.0,
      "max": 38238.0,
      "count": 1,
      "ratio_to_perfect": 0.8774208352455255
    },
    "perfect_score": {
      "rewards": [
        43580.0
      ],
      "mean": 43580.0,
      "std": 0.0,
      "min": 43580.0,
      "max": 43580.0,
      "count": 1,
      "ratio_to_perfect": 1.0
    }
  },
  "errors": {}
}