{
  "instance_dir": "D:\\TextArena\\examples\\benchmark\\real_small_batch\\lead_time_0\\189616008",
  "instance_name": "189616008",
  "promised_lead_time": 0,
  "model": "google/gemini-3-pro-preview",
  "num_runs_llm": 1,
  "num_runs_deterministic": 1,
  "max_periods": null,
  "summary": {
    "perfect_score": 10464.0,
    "ratios": {
      "or": 0.6593081039755352,
      "llm": 0.7098623853211009,
      "or_to_llm": 0.7143539755351682,
      "perfect_score": 1.0,
      "llm_to_or": 0.7664373088685015
    },
    "warnings": null
  },
  "results": {
    "or": {
      "rewards": [
        6899.0
      ],
      "mean": 6899.0,
      "std": 0.0,
      "min": 6899.0,
      "max": 6899.0,
      "count": 1,
      "ratio_to_perfect": 0.6593081039755352
    },
    "llm": {
      "rewards": [
        7428.0
      ],
      "mean": 7428.0,
      "std": 0.0,
      "min": 7428.0,
      "max": 7428.0,
      "count": 1,
      "ratio_to_perfect": 0.7098623853211009
    },
    "llm_to_or": {
      "rewards": [
        8020.0
      ],
      "mean": 8020.0,
      "std": 0.0,
      "min": 8020.0,
      "max": 8020.0,
      "count": 1,
      "ratio_to_perfect": 0.7664373088685015
    },
    "or_to_llm": {
      "rewards": [
        7475.0
      ],
      "mean": 7475.0,
      "std": 0.0,
      "min": 7475.0,
      "max": 7475.0,
      "count": 1,
      "ratio_to_perfect": 0.7143539755351682
    },
    "perfect_score": {
      "rewards": [
        10464.0
      ],
      "mean": 10464.0,
      "std": 0.0,
      "min": 10464.0,
      "max": 10464.0,
      "count": 1,
      "ratio_to_perfect": 1.0
    }
  },
  "errors": {}
}