{
  "instance_dir": "D:\\TextArena\\examples\\benchmark\\synthetic_small_batch\\p_h_med\\lead_time_0\\p08_multi_changepoint\\v1_up_then_down\\r1",
  "instance_name": "r1",
  "promised_lead_time": 0,
  "model": "google/gemini-3-pro-preview",
  "num_runs_llm": 1,
  "num_runs_deterministic": 1,
  "max_periods": null,
  "summary": {
    "perfect_score": 23744.0,
    "ratios": {
      "or": 0.8616913746630728,
      "llm": 0.8838022237196765,
      "llm_to_or": 0.8773163746630728,
      "or_to_llm": 0.8787483153638814,
      "perfect_score": 1.0
    },
    "warnings": null
  },
  "results": {
    "or": {
      "rewards": [
        20460.0
      ],
      "mean": 20460.0,
      "std": 0.0,
      "min": 20460.0,
      "max": 20460.0,
      "count": 1,
      "ratio_to_perfect": 0.8616913746630728
    },
    "llm": {
      "rewards": [
        20985.0
      ],
      "mean": 20985.0,
      "std": 0.0,
      "min": 20985.0,
      "max": 20985.0,
      "count": 1,
      "ratio_to_perfect": 0.8838022237196765
    },
    "llm_to_or": {
      "rewards": [
        20831.0
      ],
      "mean": 20831.0,
      "std": 0.0,
      "min": 20831.0,
      "max": 20831.0,
      "count": 1,
      "ratio_to_perfect": 0.8773163746630728
    },
    "or_to_llm": {
      "rewards": [
        20865.0
      ],
      "mean": 20865.0,
      "std": 0.0,
      "min": 20865.0,
      "max": 20865.0,
      "count": 1,
      "ratio_to_perfect": 0.8787483153638814
    },
    "perfect_score": {
      "rewards": [
        23744.0
      ],
      "mean": 23744.0,
      "std": 0.0,
      "min": 23744.0,
      "max": 23744.0,
      "count": 1,
      "ratio_to_perfect": 1.0
    }
  },
  "errors": {}
}