{
  "instance_dir": "D:\\TextArena\\examples\\benchmark\\real_small_batch\\lead_time_0\\108775044",
  "instance_name": "108775044",
  "promised_lead_time": 0,
  "model": "google/gemini-3-pro-preview",
  "num_runs_llm": 1,
  "num_runs_deterministic": 1,
  "max_periods": null,
  "summary": {
    "perfect_score": 16776.0,
    "ratios": {
      "or": 0.5391630901287554,
      "llm": 0.8373271340009537,
      "llm_to_or": 0.8338698140200286,
      "or_to_llm": 0.7860634239389604,
      "perfect_score": 1.0
    }
  },
  "results": {
    "or": {
      "rewards": [
        9045.0
      ],
      "mean": 9045.0,
      "std": 0.0,
      "min": 9045.0,
      "max": 9045.0,
      "count": 1,
      "ratio_to_perfect": 0.5391630901287554
    },
    "llm": {
      "rewards": [
        14047.0
      ],
      "mean": 14047.0,
      "std": 0.0,
      "min": 14047.0,
      "max": 14047.0,
      "count": 1,
      "ratio_to_perfect": 0.8373271340009537
    },
    "llm_to_or": {
      "rewards": [
        13989.0
      ],
      "mean": 13989.0,
      "std": 0.0,
      "min": 13989.0,
      "max": 13989.0,
      "count": 1,
      "ratio_to_perfect": 0.8338698140200286
    },
    "or_to_llm": {
      "rewards": [
        13187.0
      ],
      "mean": 13187.0,
      "std": 0.0,
      "min": 13187.0,
      "max": 13187.0,
      "count": 1,
      "ratio_to_perfect": 0.7860634239389604
    },
    "perfect_score": {
      "rewards": [
        16776.0
      ],
      "mean": 16776.0,
      "std": 0.0,
      "min": 16776.0,
      "max": 16776.0,
      "count": 1,
      "ratio_to_perfect": 1.0
    }
  },
  "errors": {}
}