{
  "instance_dir": "D:\\TextArena\\examples\\benchmark\\synthetic_small_batch\\p_h_med\\lead_time_0\\p05_decreasing_trend\\v1_200_minus_3t\\r1",
  "instance_name": "r1",
  "promised_lead_time": 0,
  "model": "google/gemini-3-pro-preview",
  "num_runs_llm": 1,
  "num_runs_deterministic": 1,
  "max_periods": null,
  "summary": {
    "perfect_score": 25200.0,
    "ratios": {
      "or": 0.8626190476190476,
      "llm": 0.923968253968254,
      "llm_to_or": 0.9173015873015873,
      "or_to_llm": 0.9067063492063492,
      "perfect_score": 1.0
    },
    "warnings": null
  },
  "results": {
    "or": {
      "rewards": [
        21738.0
      ],
      "mean": 21738.0,
      "std": 0.0,
      "min": 21738.0,
      "max": 21738.0,
      "count": 1,
      "ratio_to_perfect": 0.8626190476190476
    },
    "llm": {
      "rewards": [
        23284.0
      ],
      "mean": 23284.0,
      "std": 0.0,
      "min": 23284.0,
      "max": 23284.0,
      "count": 1,
      "ratio_to_perfect": 0.923968253968254
    },
    "llm_to_or": {
      "rewards": [
        23116.0
      ],
      "mean": 23116.0,
      "std": 0.0,
      "min": 23116.0,
      "max": 23116.0,
      "count": 1,
      "ratio_to_perfect": 0.9173015873015873
    },
    "or_to_llm": {
      "rewards": [
        22849.0
      ],
      "mean": 22849.0,
      "std": 0.0,
      "min": 22849.0,
      "max": 22849.0,
      "count": 1,
      "ratio_to_perfect": 0.9067063492063492
    },
    "perfect_score": {
      "rewards": [
        25200.0
      ],
      "mean": 25200.0,
      "std": 0.0,
      "min": 25200.0,
      "max": 25200.0,
      "count": 1,
      "ratio_to_perfect": 1.0
    }
  },
  "errors": {}
}