{
  "instance_dir": "D:\\TextArena\\examples\\H&M_instances\\weekly_H&M_instances\\610776002",
  "instance_name": "610776002",
  "promised_lead_time": 0,
  "num_runs_llm": 5,
  "num_runs_deterministic": 1,
  "max_periods": null,
  "results": {
    "or": {
      "rewards": [
        31678.0
      ],
      "mean": 31678.0,
      "std": 0.0,
      "min": 31678.0,
      "max": 31678.0,
      "count": 1
    },
    "llm": {
      "rewards": [
        37654.0,
        37830.0,
        37729.0,
        37985.0,
        37576.0
      ],
      "mean": 37754.8,
      "std": 142.43791630040087,
      "min": 37576.0,
      "max": 37985.0,
      "count": 5
    },
    "llm_to_or": {
      "rewards": [
        38008.0,
        37704.0,
        37716.0,
        37766.0,
        37679.0
      ],
      "mean": 37774.6,
      "std": 120.08930010621263,
      "min": 37679.0,
      "max": 38008.0,
      "count": 5
    },
    "simple_llm_to_or": {
      "rewards": [
        36140.0,
        36145.0,
        36272.0,
        36458.0,
        36046.0
      ],
      "mean": 36212.2,
      "std": 142.3690977705485,
      "min": 36046.0,
      "max": 36458.0,
      "count": 5
    },
    "or_to_llm": {
      "rewards": [
        37727.0,
        37275.0,
        37638.0,
        36391.0,
        36853.0
      ],
      "mean": 37176.8,
      "std": 499.4790886513668,
      "min": 36391.0,
      "max": 37727.0,
      "count": 5
    },
    "perfect_score": {
      "rewards": [
        42752.0
      ],
      "mean": 42752.0,
      "std": 0.0,
      "min": 42752.0,
      "max": 42752.0,
      "count": 1
    }
  },
  "errors": {}
}