{
  "instance_dir": "D:\\TextArena\\examples\\benchmark\\real_small_batch\\lead_time_0\\253448003",
  "instance_name": "253448003",
  "promised_lead_time": 0,
  "model": "google/gemini-3-pro-preview",
  "num_runs_llm": 1,
  "num_runs_deterministic": 1,
  "max_periods": null,
  "summary": {
    "perfect_score": 12068.0,
    "ratios": {
      "or": 0.7741133576400397,
      "llm": 0.8139708319522705,
      "or_to_llm": 0.8229201193238316,
      "perfect_score": 1.0,
      "llm_to_or": 0.8321179980112695
    },
    "warnings": null
  },
  "results": {
    "or": {
      "rewards": [
        9342.0
      ],
      "mean": 9342.0,
      "std": 0.0,
      "min": 9342.0,
      "max": 9342.0,
      "count": 1,
      "ratio_to_perfect": 0.7741133576400397
    },
    "llm": {
      "rewards": [
        9823.0
      ],
      "mean": 9823.0,
      "std": 0.0,
      "min": 9823.0,
      "max": 9823.0,
      "count": 1,
      "ratio_to_perfect": 0.8139708319522705
    },
    "llm_to_or": {
      "rewards": [
        10042.0
      ],
      "mean": 10042.0,
      "std": 0.0,
      "min": 10042.0,
      "max": 10042.0,
      "count": 1,
      "ratio_to_perfect": 0.8321179980112695
    },
    "or_to_llm": {
      "rewards": [
        9931.0
      ],
      "mean": 9931.0,
      "std": 0.0,
      "min": 9931.0,
      "max": 9931.0,
      "count": 1,
      "ratio_to_perfect": 0.8229201193238316
    },
    "perfect_score": {
      "rewards": [
        12068.0
      ],
      "mean": 12068.0,
      "std": 0.0,
      "min": 12068.0,
      "max": 12068.0,
      "count": 1,
      "ratio_to_perfect": 1.0
    }
  },
  "errors": {}
}