{
  "instance_dir": "D:\\TextArena\\examples\\benchmark\\real_small_batch\\lead_time_0\\399223033",
  "instance_name": "399223033",
  "promised_lead_time": 0,
  "model": "google/gemini-3-pro-preview",
  "num_runs_llm": 1,
  "num_runs_deterministic": 1,
  "max_periods": null,
  "summary": {
    "perfect_score": 22924.0,
    "ratios": {
      "or": 0.7718548246379341,
      "llm": 0.798420868958297,
      "llm_to_or": 0.7923137323329262,
      "or_to_llm": 0.8242017099982551,
      "perfect_score": 1.0
    },
    "warnings": null
  },
  "results": {
    "or": {
      "rewards": [
        17694.0
      ],
      "mean": 17694.0,
      "std": 0.0,
      "min": 17694.0,
      "max": 17694.0,
      "count": 1,
      "ratio_to_perfect": 0.7718548246379341
    },
    "llm": {
      "rewards": [
        18303.0
      ],
      "mean": 18303.0,
      "std": 0.0,
      "min": 18303.0,
      "max": 18303.0,
      "count": 1,
      "ratio_to_perfect": 0.798420868958297
    },
    "llm_to_or": {
      "rewards": [
        18163.0
      ],
      "mean": 18163.0,
      "std": 0.0,
      "min": 18163.0,
      "max": 18163.0,
      "count": 1,
      "ratio_to_perfect": 0.7923137323329262
    },
    "or_to_llm": {
      "rewards": [
        18894.0
      ],
      "mean": 18894.0,
      "std": 0.0,
      "min": 18894.0,
      "max": 18894.0,
      "count": 1,
      "ratio_to_perfect": 0.8242017099982551
    },
    "perfect_score": {
      "rewards": [
        22924.0
      ],
      "mean": 22924.0,
      "std": 0.0,
      "min": 22924.0,
      "max": 22924.0,
      "count": 1,
      "ratio_to_perfect": 1.0
    }
  },
  "errors": {}
}