{
  "instance_dir": "D:\\TextArena\\examples\\benchmark\\real_small_batch\\lead_time_0\\111586001",
  "instance_name": "111586001",
  "promised_lead_time": 0,
  "model": "google/gemini-3-pro-preview",
  "num_runs_llm": 1,
  "num_runs_deterministic": 1,
  "max_periods": null,
  "summary": {
    "perfect_score": 30644.0,
    "ratios": {
      "or": 0.6599986946873776,
      "llm": 0.8824565983553061,
      "or_to_llm": 0.8753752773789323,
      "perfect_score": 1.0,
      "llm_to_or": 0.8904842709829004
    },
    "warnings": null
  },
  "results": {
    "or": {
      "rewards": [
        20225.0
      ],
      "mean": 20225.0,
      "std": 0.0,
      "min": 20225.0,
      "max": 20225.0,
      "count": 1,
      "ratio_to_perfect": 0.6599986946873776
    },
    "llm": {
      "rewards": [
        27042.0
      ],
      "mean": 27042.0,
      "std": 0.0,
      "min": 27042.0,
      "max": 27042.0,
      "count": 1,
      "ratio_to_perfect": 0.8824565983553061
    },
    "llm_to_or": {
      "rewards": [
        27288.0
      ],
      "mean": 27288.0,
      "std": 0.0,
      "min": 27288.0,
      "max": 27288.0,
      "count": 1,
      "ratio_to_perfect": 0.8904842709829004
    },
    "or_to_llm": {
      "rewards": [
        26825.0
      ],
      "mean": 26825.0,
      "std": 0.0,
      "min": 26825.0,
      "max": 26825.0,
      "count": 1,
      "ratio_to_perfect": 0.8753752773789323
    },
    "perfect_score": {
      "rewards": [
        30644.0
      ],
      "mean": 30644.0,
      "std": 0.0,
      "min": 30644.0,
      "max": 30644.0,
      "count": 1,
      "ratio_to_perfect": 1.0
    }
  },
  "errors": {}
}