{
  "instance_dir": "D:\\TextArena\\examples\\initial_synthetic_demand_files\\case4_normal_to_uniform_cp15",
  "instance_name": "case4_normal_to_uniform_cp15",
  "promised_lead_time": 0,
  "num_runs_llm": 5,
  "num_runs_deterministic": 1,
  "max_periods": null,
  "results": {
    "or": {
      "rewards": [
        14339.0
      ],
      "mean": 14339.0,
      "std": 0.0,
      "min": 14339.0,
      "max": 14339.0,
      "count": 1
    },
    "llm": {
      "rewards": [
        14141.0,
        13925.0,
        14077.0,
        14147.0,
        14264.0
      ],
      "mean": 14110.8,
      "std": 110.77617072276871,
      "min": 13925.0,
      "max": 14264.0,
      "count": 5
    },
    "llm_to_or": {
      "rewards": [
        14386.0,
        14166.0,
        14188.0,
        14273.0,
        14268.0
      ],
      "mean": 14256.2,
      "std": 77.5329607328393,
      "min": 14166.0,
      "max": 14386.0,
      "count": 5
    },
    "simple_llm_to_or": {
      "rewards": [
        14165.0,
        14195.0,
        13665.0,
        14008.0
      ],
      "mean": 14008.25,
      "std": 210.51529041853468,
      "min": 13665.0,
      "max": 14195.0,
      "count": 4
    },
    "or_to_llm": {
      "rewards": [
        14348.0,
        14296.0,
        14345.0,
        14284.0,
        14376.0
      ],
      "mean": 14329.8,
      "std": 34.458090486850836,
      "min": 14284.0,
      "max": 14376.0,
      "count": 5
    },
    "perfect_score": {
      "rewards": [
        17772.0
      ],
      "mean": 17772.0,
      "std": 0.0,
      "min": 17772.0,
      "max": 17772.0,
      "count": 1
    }
  },
  "errors": {
    "simple_llm_to_or": [
      "Could not extract reward from output. Exit code: 1"
    ]
  }
}