{
  "instance_dir": "D:\\TextArena\\examples\\initial_synthetic_demand_files\\case4_normal_to_uniform_cp15",
  "instance_name": "case4_normal_to_uniform_cp15",
  "promised_lead_time": 2,
  "num_runs_llm": 5,
  "num_runs_deterministic": 1,
  "max_periods": null,
  "results": {
    "or": {
      "rewards": [
        895.0
      ],
      "mean": 895.0,
      "std": 0.0,
      "min": 895.0,
      "max": 895.0,
      "count": 1
    },
    "llm": {
      "rewards": [
        7449.0,
        7086.0,
        8425.0,
        8236.0,
        7967.0
      ],
      "mean": 7832.6,
      "std": 497.25108345784423,
      "min": 7086.0,
      "max": 8425.0,
      "count": 5
    },
    "llm_to_or": {
      "rewards": [
        5259.0,
        7492.0,
        7626.0,
        215.0,
        8436.0
      ],
      "mean": 5805.6,
      "std": 2987.654103138447,
      "min": 215.0,
      "max": 8436.0,
      "count": 5
    },
    "simple_llm_to_or": {
      "rewards": [
        2650.0,
        2754.0,
        1859.0,
        1393.0,
        3161.0
      ],
      "mean": 2363.4,
      "std": 642.957105878767,
      "min": 1393.0,
      "max": 3161.0,
      "count": 5
    },
    "or_to_llm": {
      "rewards": [
        8772.0,
        9099.0,
        9681.0,
        8626.0,
        8120.0
      ],
      "mean": 8859.6,
      "std": 517.9307289589989,
      "min": 8120.0,
      "max": 9681.0,
      "count": 5
    },
    "perfect_score": {
      "rewards": [
        17344.0
      ],
      "mean": 17344.0,
      "std": 0.0,
      "min": 17344.0,
      "max": 17344.0,
      "count": 1
    }
  },
  "errors": {}
}