{
  "instance_dir": "D:\\TextArena\\examples\\initial_synthetic_demand_files\\case4_normal_to_uniform_cp15",
  "instance_name": "case4_normal_to_uniform_cp15",
  "promised_lead_time": 4,
  "num_runs_llm": 5,
  "num_runs_deterministic": 1,
  "max_periods": null,
  "results": {
    "or": {
      "rewards": [
        10022.0
      ],
      "mean": 10022.0,
      "std": 0.0,
      "min": 10022.0,
      "max": 10022.0,
      "count": 1
    },
    "llm": {
      "rewards": [
        5231.0,
        5570.0,
        2676.0,
        4063.0,
        5604.0
      ],
      "mean": 4628.8,
      "std": 1125.4398962183632,
      "min": 2676.0,
      "max": 5604.0,
      "count": 5
    },
    "llm_to_or": {
      "rewards": [
        9522.0,
        9868.0,
        9082.0,
        9726.0,
        9651.0
      ],
      "mean": 9569.8,
      "std": 268.38360605670385,
      "min": 9082.0,
      "max": 9868.0,
      "count": 5
    },
    "simple_llm_to_or": {
      "rewards": [
        8512.0,
        8522.0,
        10098.0,
        8342.0,
        8660.0
      ],
      "mean": 8826.8,
      "std": 643.5533855089258,
      "min": 8342.0,
      "max": 10098.0,
      "count": 5
    },
    "or_to_llm": {
      "rewards": [
        9600.0,
        8839.0,
        9460.0,
        10289.0,
        8938.0
      ],
      "mean": 9425.2,
      "std": 521.327306018014,
      "min": 8839.0,
      "max": 10289.0,
      "count": 5
    },
    "perfect_score": {
      "rewards": [
        16256.0
      ],
      "mean": 16256.0,
      "std": 0.0,
      "min": 16256.0,
      "max": 16256.0,
      "count": 1
    }
  },
  "errors": {}
}