{
  "instance_dir": "D:\\TextArena\\examples\\benchmark\\synthetic_small_batch\\p_h_med\\lead_time_4\\p10_autocorrelated\\v1_phi_0_7\\r1",
  "instance_name": "r1",
  "promised_lead_time": 4,
  "model": "google/gemini-3-pro-preview",
  "num_runs_llm": 1,
  "num_runs_deterministic": 1,
  "max_periods": null,
  "summary": {
    "perfect_score": 21288.0,
    "ratios": {
      "or": 0.7205937617437054,
      "llm": 0.5901446824502067,
      "llm_to_or": 0.6445415257422021,
      "or_to_llm": 0.6406426155580609,
      "perfect_score": 1.0
    },
    "warnings": null
  },
  "results": {
    "or": {
      "rewards": [
        15340.0
      ],
      "mean": 15340.0,
      "std": 0.0,
      "min": 15340.0,
      "max": 15340.0,
      "count": 1,
      "ratio_to_perfect": 0.7205937617437054
    },
    "llm": {
      "rewards": [
        12563.0
      ],
      "mean": 12563.0,
      "std": 0.0,
      "min": 12563.0,
      "max": 12563.0,
      "count": 1,
      "ratio_to_perfect": 0.5901446824502067
    },
    "llm_to_or": {
      "rewards": [
        13721.0
      ],
      "mean": 13721.0,
      "std": 0.0,
      "min": 13721.0,
      "max": 13721.0,
      "count": 1,
      "ratio_to_perfect": 0.6445415257422021
    },
    "or_to_llm": {
      "rewards": [
        13638.0
      ],
      "mean": 13638.0,
      "std": 0.0,
      "min": 13638.0,
      "max": 13638.0,
      "count": 1,
      "ratio_to_perfect": 0.6406426155580609
    },
    "perfect_score": {
      "rewards": [
        21288.0
      ],
      "mean": 21288.0,
      "std": 0.0,
      "min": 21288.0,
      "max": 21288.0,
      "count": 1,
      "ratio_to_perfect": 1.0
    }
  },
  "errors": {}
}