{
  "instance_dir": "D:\\TextArena\\examples\\benchmark\\real_small_batch\\lead_time_0\\305931001",
  "instance_name": "305931001",
  "promised_lead_time": 0,
  "model": "google/gemini-3-pro-preview",
  "num_runs_llm": 1,
  "num_runs_deterministic": 1,
  "max_periods": null,
  "summary": {
    "perfect_score": 10556.0,
    "ratios": {
      "or": 0.7106858658582796,
      "llm": 0.8682266009852216,
      "llm_to_or": 0.8625426297840091,
      "or_to_llm": 0.8668056081849185,
      "perfect_score": 1.0
    },
    "warnings": null
  },
  "results": {
    "or": {
      "rewards": [
        7502.0
      ],
      "mean": 7502.0,
      "std": 0.0,
      "min": 7502.0,
      "max": 7502.0,
      "count": 1,
      "ratio_to_perfect": 0.7106858658582796
    },
    "llm": {
      "rewards": [
        9165.0
      ],
      "mean": 9165.0,
      "std": 0.0,
      "min": 9165.0,
      "max": 9165.0,
      "count": 1,
      "ratio_to_perfect": 0.8682266009852216
    },
    "llm_to_or": {
      "rewards": [
        9105.0
      ],
      "mean": 9105.0,
      "std": 0.0,
      "min": 9105.0,
      "max": 9105.0,
      "count": 1,
      "ratio_to_perfect": 0.8625426297840091
    },
    "or_to_llm": {
      "rewards": [
        9150.0
      ],
      "mean": 9150.0,
      "std": 0.0,
      "min": 9150.0,
      "max": 9150.0,
      "count": 1,
      "ratio_to_perfect": 0.8668056081849185
    },
    "perfect_score": {
      "rewards": [
        10556.0
      ],
      "mean": 10556.0,
      "std": 0.0,
      "min": 10556.0,
      "max": 10556.0,
      "count": 1,
      "ratio_to_perfect": 1.0
    }
  },
  "errors": {}
}