{
  "instance_dir": "D:\\TextArena\\examples\\benchmark\\real_small_batch\\lead_time_0\\160442043",
  "instance_name": "160442043",
  "promised_lead_time": 0,
  "model": "google/gemini-3-pro-preview",
  "num_runs_llm": 1,
  "num_runs_deterministic": 1,
  "max_periods": null,
  "summary": {
    "perfect_score": 12656.0,
    "ratios": {
      "or": 0.818109987357775,
      "llm": 0.8524020227560051,
      "or_to_llm": 0.8644121365360303,
      "perfect_score": 1.0,
      "llm_to_or": 0.8662294563843237
    },
    "warnings": null
  },
  "results": {
    "or": {
      "rewards": [
        10354.0
      ],
      "mean": 10354.0,
      "std": 0.0,
      "min": 10354.0,
      "max": 10354.0,
      "count": 1,
      "ratio_to_perfect": 0.818109987357775
    },
    "llm": {
      "rewards": [
        10788.0
      ],
      "mean": 10788.0,
      "std": 0.0,
      "min": 10788.0,
      "max": 10788.0,
      "count": 1,
      "ratio_to_perfect": 0.8524020227560051
    },
    "llm_to_or": {
      "rewards": [
        10963.0
      ],
      "mean": 10963.0,
      "std": 0.0,
      "min": 10963.0,
      "max": 10963.0,
      "count": 1,
      "ratio_to_perfect": 0.8662294563843237
    },
    "or_to_llm": {
      "rewards": [
        10940.0
      ],
      "mean": 10940.0,
      "std": 0.0,
      "min": 10940.0,
      "max": 10940.0,
      "count": 1,
      "ratio_to_perfect": 0.8644121365360303
    },
    "perfect_score": {
      "rewards": [
        12656.0
      ],
      "mean": 12656.0,
      "std": 0.0,
      "min": 12656.0,
      "max": 12656.0,
      "count": 1,
      "ratio_to_perfect": 1.0
    }
  },
  "errors": {}
}