{
  "instance_dir": "D:\\TextArena\\examples\\benchmark\\real_small_batch\\lead_time_0\\243937001",
  "instance_name": "243937001",
  "promised_lead_time": 0,
  "model": "google/gemini-3-pro-preview",
  "num_runs_llm": 1,
  "num_runs_deterministic": 1,
  "max_periods": null,
  "summary": {
    "perfect_score": 8776.0,
    "ratios": {
      "or": 0.6575888787602553,
      "llm": 0.8915223336371924,
      "or_to_llm": 0.8732907930720146,
      "perfect_score": 1.0,
      "llm_to_or": 0.8656563354603464
    },
    "warnings": null
  },
  "results": {
    "or": {
      "rewards": [
        5771.0
      ],
      "mean": 5771.0,
      "std": 0.0,
      "min": 5771.0,
      "max": 5771.0,
      "count": 1,
      "ratio_to_perfect": 0.6575888787602553
    },
    "llm": {
      "rewards": [
        7824.0
      ],
      "mean": 7824.0,
      "std": 0.0,
      "min": 7824.0,
      "max": 7824.0,
      "count": 1,
      "ratio_to_perfect": 0.8915223336371924
    },
    "llm_to_or": {
      "rewards": [
        7597.0
      ],
      "mean": 7597.0,
      "std": 0.0,
      "min": 7597.0,
      "max": 7597.0,
      "count": 1,
      "ratio_to_perfect": 0.8656563354603464
    },
    "or_to_llm": {
      "rewards": [
        7664.0
      ],
      "mean": 7664.0,
      "std": 0.0,
      "min": 7664.0,
      "max": 7664.0,
      "count": 1,
      "ratio_to_perfect": 0.8732907930720146
    },
    "perfect_score": {
      "rewards": [
        8776.0
      ],
      "mean": 8776.0,
      "std": 0.0,
      "min": 8776.0,
      "max": 8776.0,
      "count": 1,
      "ratio_to_perfect": 1.0
    }
  },
  "errors": {}
}