{
  "instance_dir": "D:\\TextArena\\examples\\benchmark\\synthetic_small_batch\\p_h_med\\lead_time_0\\p07_seasonal\\v1_period10_amp30\\r1",
  "instance_name": "r1",
  "promised_lead_time": 0,
  "model": "google/gemini-3-pro-preview",
  "num_runs_llm": 1,
  "num_runs_deterministic": 1,
  "max_periods": null,
  "summary": {
    "perfect_score": 19540.0,
    "ratios": {
      "or": 0.8941658137154554,
      "llm": 0.881064483111566,
      "llm_to_or": 0.8727226202661208,
      "or_to_llm": 0.8833162743091095,
      "perfect_score": 1.0
    },
    "warnings": null
  },
  "results": {
    "or": {
      "rewards": [
        17472.0
      ],
      "mean": 17472.0,
      "std": 0.0,
      "min": 17472.0,
      "max": 17472.0,
      "count": 1,
      "ratio_to_perfect": 0.8941658137154554
    },
    "llm": {
      "rewards": [
        17216.0
      ],
      "mean": 17216.0,
      "std": 0.0,
      "min": 17216.0,
      "max": 17216.0,
      "count": 1,
      "ratio_to_perfect": 0.881064483111566
    },
    "llm_to_or": {
      "rewards": [
        17053.0
      ],
      "mean": 17053.0,
      "std": 0.0,
      "min": 17053.0,
      "max": 17053.0,
      "count": 1,
      "ratio_to_perfect": 0.8727226202661208
    },
    "or_to_llm": {
      "rewards": [
        17260.0
      ],
      "mean": 17260.0,
      "std": 0.0,
      "min": 17260.0,
      "max": 17260.0,
      "count": 1,
      "ratio_to_perfect": 0.8833162743091095
    },
    "perfect_score": {
      "rewards": [
        19540.0
      ],
      "mean": 19540.0,
      "std": 0.0,
      "min": 19540.0,
      "max": 19540.0,
      "count": 1,
      "ratio_to_perfect": 1.0
    }
  },
  "errors": {}
}