{
  "instance_dir": "D:\\TextArena\\examples\\benchmark\\real_small_batch\\lead_time_0\\396135007",
  "instance_name": "396135007",
  "promised_lead_time": 0,
  "model": "google/gemini-3-pro-preview",
  "num_runs_llm": 1,
  "num_runs_deterministic": 1,
  "max_periods": null,
  "summary": {
    "perfect_score": 11688.0,
    "ratios": {
      "or": 0.6887405886379192,
      "llm": 0.8578884325804244,
      "llm_to_or": 0.8267453798767967,
      "or_to_llm": 0.8334188911704312,
      "perfect_score": 1.0
    },
    "warnings": null
  },
  "results": {
    "or": {
      "rewards": [
        8050.0
      ],
      "mean": 8050.0,
      "std": 0.0,
      "min": 8050.0,
      "max": 8050.0,
      "count": 1,
      "ratio_to_perfect": 0.6887405886379192
    },
    "llm": {
      "rewards": [
        10027.0
      ],
      "mean": 10027.0,
      "std": 0.0,
      "min": 10027.0,
      "max": 10027.0,
      "count": 1,
      "ratio_to_perfect": 0.8578884325804244
    },
    "llm_to_or": {
      "rewards": [
        9663.0
      ],
      "mean": 9663.0,
      "std": 0.0,
      "min": 9663.0,
      "max": 9663.0,
      "count": 1,
      "ratio_to_perfect": 0.8267453798767967
    },
    "or_to_llm": {
      "rewards": [
        9741.0
      ],
      "mean": 9741.0,
      "std": 0.0,
      "min": 9741.0,
      "max": 9741.0,
      "count": 1,
      "ratio_to_perfect": 0.8334188911704312
    },
    "perfect_score": {
      "rewards": [
        11688.0
      ],
      "mean": 11688.0,
      "std": 0.0,
      "min": 11688.0,
      "max": 11688.0,
      "count": 1,
      "ratio_to_perfect": 1.0
    }
  },
  "errors": {}
}