{
  "instance_dir": "D:\\TextArena\\examples\\benchmark\\real_small_batch\\lead_time_0\\294008002",
  "instance_name": "294008002",
  "promised_lead_time": 0,
  "model": "google/gemini-3-pro-preview",
  "num_runs_llm": 1,
  "num_runs_deterministic": 1,
  "max_periods": null,
  "summary": {
    "perfect_score": 11208.0,
    "ratios": {
      "or": 0.7146680942184154,
      "llm": 0.8399357601713062,
      "or_to_llm": 0.8507316202712348,
      "perfect_score": 1.0,
      "llm_to_or": 0.8269093504639543
    },
    "warnings": null
  },
  "results": {
    "or": {
      "rewards": [
        8010.0
      ],
      "mean": 8010.0,
      "std": 0.0,
      "min": 8010.0,
      "max": 8010.0,
      "count": 1,
      "ratio_to_perfect": 0.7146680942184154
    },
    "llm": {
      "rewards": [
        9414.0
      ],
      "mean": 9414.0,
      "std": 0.0,
      "min": 9414.0,
      "max": 9414.0,
      "count": 1,
      "ratio_to_perfect": 0.8399357601713062
    },
    "llm_to_or": {
      "rewards": [
        9268.0
      ],
      "mean": 9268.0,
      "std": 0.0,
      "min": 9268.0,
      "max": 9268.0,
      "count": 1,
      "ratio_to_perfect": 0.8269093504639543
    },
    "or_to_llm": {
      "rewards": [
        9535.0
      ],
      "mean": 9535.0,
      "std": 0.0,
      "min": 9535.0,
      "max": 9535.0,
      "count": 1,
      "ratio_to_perfect": 0.8507316202712348
    },
    "perfect_score": {
      "rewards": [
        11208.0
      ],
      "mean": 11208.0,
      "std": 0.0,
      "min": 11208.0,
      "max": 11208.0,
      "count": 1,
      "ratio_to_perfect": 1.0
    }
  },
  "errors": {}
}