{
  "instance_dir": "D:\\TextArena\\examples\\benchmark\\synthetic_small_batch\\p_h_med\\lead_time_4\\p07_seasonal\\v1_period10_amp30\\r1",
  "instance_name": "r1",
  "promised_lead_time": 4,
  "model": "google/gemini-3-pro-preview",
  "num_runs_llm": 1,
  "num_runs_deterministic": 1,
  "max_periods": null,
  "summary": {
    "perfect_score": 19540.0,
    "ratios": {
      "or": 0.6031729785056295,
      "llm": 0.47236438075742065,
      "llm_to_or": 0.5230808597748209,
      "or_to_llm": 0.4715455475946776,
      "perfect_score": 1.0
    },
    "warnings": null
  },
  "results": {
    "or": {
      "rewards": [
        11786.0
      ],
      "mean": 11786.0,
      "std": 0.0,
      "min": 11786.0,
      "max": 11786.0,
      "count": 1,
      "ratio_to_perfect": 0.6031729785056295
    },
    "llm": {
      "rewards": [
        9230.0
      ],
      "mean": 9230.0,
      "std": 0.0,
      "min": 9230.0,
      "max": 9230.0,
      "count": 1,
      "ratio_to_perfect": 0.47236438075742065
    },
    "llm_to_or": {
      "rewards": [
        10221.0
      ],
      "mean": 10221.0,
      "std": 0.0,
      "min": 10221.0,
      "max": 10221.0,
      "count": 1,
      "ratio_to_perfect": 0.5230808597748209
    },
    "or_to_llm": {
      "rewards": [
        9214.0
      ],
      "mean": 9214.0,
      "std": 0.0,
      "min": 9214.0,
      "max": 9214.0,
      "count": 1,
      "ratio_to_perfect": 0.4715455475946776
    },
    "perfect_score": {
      "rewards": [
        19540.0
      ],
      "mean": 19540.0,
      "std": 0.0,
      "min": 19540.0,
      "max": 19540.0,
      "count": 1,
      "ratio_to_perfect": 1.0
    }
  },
  "errors": {}
}