{
  "instance_dir": "D:\\TextArena\\examples\\H&M_instances\\weekly_H&M_instances\\464297007",
  "instance_name": "464297007",
  "promised_lead_time": 2,
  "num_runs_llm": 5,
  "num_runs_deterministic": 1,
  "max_periods": null,
  "results": {
    "or": {
      "rewards": [
        9585.0
      ],
      "mean": 9585.0,
      "std": 0.0,
      "min": 9585.0,
      "max": 9585.0,
      "count": 1
    },
    "llm": {
      "rewards": [
        23145.0,
        23359.0,
        19374.0,
        19349.0,
        15890.0
      ],
      "mean": 20223.4,
      "std": 2779.645488187298,
      "min": 15890.0,
      "max": 23359.0,
      "count": 5
    },
    "llm_to_or": {
      "rewards": [
        20031.0,
        20200.0,
        22011.0,
        21300.0,
        20497.0
      ],
      "mean": 20807.8,
      "std": 742.8844863099512,
      "min": 20031.0,
      "max": 22011.0,
      "count": 5
    },
    "simple_llm_to_or": {
      "rewards": [
        10794.0,
        12884.0,
        12192.0,
        11677.0,
        11317.0
      ],
      "mean": 11772.8,
      "std": 719.0931511285585,
      "min": 10794.0,
      "max": 12884.0,
      "count": 5
    },
    "or_to_llm": {
      "rewards": [
        24236.0,
        23822.0,
        25982.0,
        23846.0,
        22494.0
      ],
      "mean": 24076.0,
      "std": 1120.586989037442,
      "min": 22494.0,
      "max": 25982.0,
      "count": 5
    },
    "perfect_score": {
      "rewards": [
        45016.0
      ],
      "mean": 45016.0,
      "std": 0.0,
      "min": 45016.0,
      "max": 45016.0,
      "count": 1
    }
  },
  "errors": {}
}