{
  "instance_dir": "D:\\TextArena\\examples\\H&M_instances\\weekly_H&M_instances\\464297007",
  "instance_name": "464297007",
  "promised_lead_time": 4,
  "num_runs_llm": 5,
  "num_runs_deterministic": 1,
  "max_periods": null,
  "results": {
    "or": {
      "rewards": [
        27613.0
      ],
      "mean": 27613.0,
      "std": 0.0,
      "min": 27613.0,
      "max": 27613.0,
      "count": 1
    },
    "llm": {
      "rewards": [
        15925.0,
        11787.0,
        15057.0,
        11016.0,
        11191.0
      ],
      "mean": 12995.2,
      "std": 2072.045597953868,
      "min": 11016.0,
      "max": 15925.0,
      "count": 5
    },
    "llm_to_or": {
      "rewards": [
        18658.0,
        22374.0,
        17015.0
      ],
      "mean": 19349.0,
      "std": 2241.7003962766003,
      "min": 17015.0,
      "max": 22374.0,
      "count": 3
    },
    "simple_llm_to_or": {
      "rewards": [
        22995.0,
        23819.0,
        24117.0,
        24210.0
      ],
      "mean": 23785.25,
      "std": 478.5668056812967,
      "min": 22995.0,
      "max": 24210.0,
      "count": 4
    },
    "or_to_llm": {
      "rewards": [
        24732.0,
        24201.0,
        24158.0,
        23456.0,
        23916.0
      ],
      "mean": 24092.6,
      "std": 415.04390129238135,
      "min": 23456.0,
      "max": 24732.0,
      "count": 5
    },
    "perfect_score": {
      "rewards": [
        42700.0
      ],
      "mean": 42700.0,
      "std": 0.0,
      "min": 42700.0,
      "max": 42700.0,
      "count": 1
    }
  },
  "errors": {
    "llm_to_or": [
      "Could not extract reward from output. Exit code: 1",
      "Could not extract reward from output. Exit code: 1"
    ],
    "simple_llm_to_or": [
      "Could not extract reward from output. Exit code: 1"
    ]
  }
}