{
  "instance_dir": "D:\\TextArena\\examples\\benchmark\\real_small_batch\\lead_time_0\\189634001",
  "instance_name": "189634001",
  "promised_lead_time": 0,
  "model": "google/gemini-3-pro-preview",
  "num_runs_llm": 1,
  "num_runs_deterministic": 1,
  "max_periods": null,
  "summary": {
    "perfect_score": 11956.0,
    "ratios": {
      "or": 0.6920374707259953,
      "llm": 0.751254600200736,
      "or_to_llm": 0.7270826363332218,
      "perfect_score": 1.0,
      "llm_to_or": 0.7865506858481097
    },
    "warnings": null
  },
  "results": {
    "or": {
      "rewards": [
        8274.0
      ],
      "mean": 8274.0,
      "std": 0.0,
      "min": 8274.0,
      "max": 8274.0,
      "count": 1,
      "ratio_to_perfect": 0.6920374707259953
    },
    "llm": {
      "rewards": [
        8982.0
      ],
      "mean": 8982.0,
      "std": 0.0,
      "min": 8982.0,
      "max": 8982.0,
      "count": 1,
      "ratio_to_perfect": 0.751254600200736
    },
    "llm_to_or": {
      "rewards": [
        9404.0
      ],
      "mean": 9404.0,
      "std": 0.0,
      "min": 9404.0,
      "max": 9404.0,
      "count": 1,
      "ratio_to_perfect": 0.7865506858481097
    },
    "or_to_llm": {
      "rewards": [
        8693.0
      ],
      "mean": 8693.0,
      "std": 0.0,
      "min": 8693.0,
      "max": 8693.0,
      "count": 1,
      "ratio_to_perfect": 0.7270826363332218
    },
    "perfect_score": {
      "rewards": [
        11956.0
      ],
      "mean": 11956.0,
      "std": 0.0,
      "min": 11956.0,
      "max": 11956.0,
      "count": 1,
      "ratio_to_perfect": 1.0
    }
  },
  "errors": {}
}