{
  "instance_dir": "D:\\TextArena\\examples\\benchmark\\real_small_batch\\lead_time_0\\160442010",
  "instance_name": "160442010",
  "promised_lead_time": 0,
  "model": "google/gemini-3-pro-preview",
  "num_runs_llm": 1,
  "num_runs_deterministic": 1,
  "max_periods": null,
  "summary": {
    "perfect_score": 30816.0,
    "ratios": {
      "or": 0.6897715472481828,
      "llm": 0.8458592938733126,
      "or_to_llm": 0.8238901869158879,
      "perfect_score": 1.0,
      "llm_to_or": 0.845340083073728
    },
    "warnings": null
  },
  "results": {
    "or": {
      "rewards": [
        21256.0
      ],
      "mean": 21256.0,
      "std": 0.0,
      "min": 21256.0,
      "max": 21256.0,
      "count": 1,
      "ratio_to_perfect": 0.6897715472481828
    },
    "llm": {
      "rewards": [
        26066.0
      ],
      "mean": 26066.0,
      "std": 0.0,
      "min": 26066.0,
      "max": 26066.0,
      "count": 1,
      "ratio_to_perfect": 0.8458592938733126
    },
    "llm_to_or": {
      "rewards": [
        26050.0
      ],
      "mean": 26050.0,
      "std": 0.0,
      "min": 26050.0,
      "max": 26050.0,
      "count": 1,
      "ratio_to_perfect": 0.845340083073728
    },
    "or_to_llm": {
      "rewards": [
        25389.0
      ],
      "mean": 25389.0,
      "std": 0.0,
      "min": 25389.0,
      "max": 25389.0,
      "count": 1,
      "ratio_to_perfect": 0.8238901869158879
    },
    "perfect_score": {
      "rewards": [
        30816.0
      ],
      "mean": 30816.0,
      "std": 0.0,
      "min": 30816.0,
      "max": 30816.0,
      "count": 1,
      "ratio_to_perfect": 1.0
    }
  },
  "errors": {}
}