{
  "instance_dir": "D:\\TextArena\\examples\\benchmark\\real_small_batch\\lead_time_0\\372860001",
  "instance_name": "372860001",
  "promised_lead_time": 0,
  "model": "google/gemini-3-pro-preview",
  "num_runs_llm": 1,
  "num_runs_deterministic": 1,
  "max_periods": null,
  "summary": {
    "perfect_score": 56792.0,
    "ratios": {
      "or": 0.9016586843217355,
      "llm": 0.9089660515565573,
      "llm_to_or": 0.9004085082405973,
      "or_to_llm": 0.9046872798985772,
      "perfect_score": 1.0
    },
    "warnings": null
  },
  "results": {
    "or": {
      "rewards": [
        51207.0
      ],
      "mean": 51207.0,
      "std": 0.0,
      "min": 51207.0,
      "max": 51207.0,
      "count": 1,
      "ratio_to_perfect": 0.9016586843217355
    },
    "llm": {
      "rewards": [
        51622.0
      ],
      "mean": 51622.0,
      "std": 0.0,
      "min": 51622.0,
      "max": 51622.0,
      "count": 1,
      "ratio_to_perfect": 0.9089660515565573
    },
    "llm_to_or": {
      "rewards": [
        51136.0
      ],
      "mean": 51136.0,
      "std": 0.0,
      "min": 51136.0,
      "max": 51136.0,
      "count": 1,
      "ratio_to_perfect": 0.9004085082405973
    },
    "or_to_llm": {
      "rewards": [
        51379.0
      ],
      "mean": 51379.0,
      "std": 0.0,
      "min": 51379.0,
      "max": 51379.0,
      "count": 1,
      "ratio_to_perfect": 0.9046872798985772
    },
    "perfect_score": {
      "rewards": [
        56792.0
      ],
      "mean": 56792.0,
      "std": 0.0,
      "min": 56792.0,
      "max": 56792.0,
      "count": 1,
      "ratio_to_perfect": 1.0
    }
  },
  "errors": {}
}