{
  "instance_dir": "D:\\TextArena\\examples\\benchmark\\real_small_batch\\lead_time_0\\316441001",
  "instance_name": "316441001",
  "promised_lead_time": 0,
  "model": "google/gemini-3-pro-preview",
  "num_runs_llm": 1,
  "num_runs_deterministic": 1,
  "max_periods": null,
  "summary": {
    "perfect_score": 9576.0,
    "ratios": {
      "or": 0.684001670843776,
      "llm": 0.8208020050125313,
      "llm_to_or": 0.7734962406015038,
      "or_to_llm": 0.8145363408521303,
      "perfect_score": 1.0
    },
    "warnings": null
  },
  "results": {
    "or": {
      "rewards": [
        6550.0
      ],
      "mean": 6550.0,
      "std": 0.0,
      "min": 6550.0,
      "max": 6550.0,
      "count": 1,
      "ratio_to_perfect": 0.684001670843776
    },
    "llm": {
      "rewards": [
        7860.0
      ],
      "mean": 7860.0,
      "std": 0.0,
      "min": 7860.0,
      "max": 7860.0,
      "count": 1,
      "ratio_to_perfect": 0.8208020050125313
    },
    "llm_to_or": {
      "rewards": [
        7407.0
      ],
      "mean": 7407.0,
      "std": 0.0,
      "min": 7407.0,
      "max": 7407.0,
      "count": 1,
      "ratio_to_perfect": 0.7734962406015038
    },
    "or_to_llm": {
      "rewards": [
        7800.0
      ],
      "mean": 7800.0,
      "std": 0.0,
      "min": 7800.0,
      "max": 7800.0,
      "count": 1,
      "ratio_to_perfect": 0.8145363408521303
    },
    "perfect_score": {
      "rewards": [
        9576.0
      ],
      "mean": 9576.0,
      "std": 0.0,
      "min": 9576.0,
      "max": 9576.0,
      "count": 1,
      "ratio_to_perfect": 1.0
    }
  },
  "errors": {}
}