{
  "instance_dir": "D:\\TextArena\\examples\\benchmark\\real_small_batch\\lead_time_0\\179123001",
  "instance_name": "179123001",
  "promised_lead_time": 0,
  "model": "google/gemini-3-pro-preview",
  "num_runs_llm": 1,
  "num_runs_deterministic": 1,
  "max_periods": null,
  "summary": {
    "perfect_score": 17316.0,
    "ratios": {
      "or": 0.7862092862092862,
      "llm": 0.8058443058443059,
      "or_to_llm": 0.7858050358050358,
      "perfect_score": 1.0,
      "llm_to_or": 0.8295218295218295
    },
    "warnings": null
  },
  "results": {
    "or": {
      "rewards": [
        13614.0
      ],
      "mean": 13614.0,
      "std": 0.0,
      "min": 13614.0,
      "max": 13614.0,
      "count": 1,
      "ratio_to_perfect": 0.7862092862092862
    },
    "llm": {
      "rewards": [
        13954.0
      ],
      "mean": 13954.0,
      "std": 0.0,
      "min": 13954.0,
      "max": 13954.0,
      "count": 1,
      "ratio_to_perfect": 0.8058443058443059
    },
    "llm_to_or": {
      "rewards": [
        14364.0
      ],
      "mean": 14364.0,
      "std": 0.0,
      "min": 14364.0,
      "max": 14364.0,
      "count": 1,
      "ratio_to_perfect": 0.8295218295218295
    },
    "or_to_llm": {
      "rewards": [
        13607.0
      ],
      "mean": 13607.0,
      "std": 0.0,
      "min": 13607.0,
      "max": 13607.0,
      "count": 1,
      "ratio_to_perfect": 0.7858050358050358
    },
    "perfect_score": {
      "rewards": [
        17316.0
      ],
      "mean": 17316.0,
      "std": 0.0,
      "min": 17316.0,
      "max": 17316.0,
      "count": 1,
      "ratio_to_perfect": 1.0
    }
  },
  "errors": {}
}