{
  "instance_dir": "D:\\TextArena\\examples\\benchmark\\real_small_batch\\lead_time_0\\372860002",
  "instance_name": "372860002",
  "promised_lead_time": 0,
  "model": "google/gemini-3-pro-preview",
  "num_runs_llm": 1,
  "num_runs_deterministic": 1,
  "max_periods": null,
  "summary": {
    "perfect_score": 45436.0,
    "ratios": {
      "or": 0.7936438066731226,
      "llm": 0.8839246412536315,
      "llm_to_or": 0.8709833612113742,
      "or_to_llm": 0.8773879742935118,
      "perfect_score": 1.0
    },
    "warnings": null
  },
  "results": {
    "or": {
      "rewards": [
        36060.0
      ],
      "mean": 36060.0,
      "std": 0.0,
      "min": 36060.0,
      "max": 36060.0,
      "count": 1,
      "ratio_to_perfect": 0.7936438066731226
    },
    "llm": {
      "rewards": [
        40162.0
      ],
      "mean": 40162.0,
      "std": 0.0,
      "min": 40162.0,
      "max": 40162.0,
      "count": 1,
      "ratio_to_perfect": 0.8839246412536315
    },
    "llm_to_or": {
      "rewards": [
        39574.0
      ],
      "mean": 39574.0,
      "std": 0.0,
      "min": 39574.0,
      "max": 39574.0,
      "count": 1,
      "ratio_to_perfect": 0.8709833612113742
    },
    "or_to_llm": {
      "rewards": [
        39865.0
      ],
      "mean": 39865.0,
      "std": 0.0,
      "min": 39865.0,
      "max": 39865.0,
      "count": 1,
      "ratio_to_perfect": 0.8773879742935118
    },
    "perfect_score": {
      "rewards": [
        45436.0
      ],
      "mean": 45436.0,
      "std": 0.0,
      "min": 45436.0,
      "max": 45436.0,
      "count": 1,
      "ratio_to_perfect": 1.0
    }
  },
  "errors": {}
}