{
  "instance_dir": "D:\\TextArena\\examples\\benchmark\\real_small_batch\\lead_time_0\\160442007",
  "instance_name": "160442007",
  "promised_lead_time": 0,
  "model": "google/gemini-3-pro-preview",
  "num_runs_llm": 1,
  "num_runs_deterministic": 1,
  "max_periods": null,
  "summary": {
    "perfect_score": 33860.0,
    "ratios": {
      "or": 0.8213821618428825,
      "llm": 0.854518606024808,
      "or_to_llm": 0.830685174246899,
      "perfect_score": 1.0,
      "llm_to_or": 0.7968694624926167
    },
    "warnings": null
  },
  "results": {
    "or": {
      "rewards": [
        27812.0
      ],
      "mean": 27812.0,
      "std": 0.0,
      "min": 27812.0,
      "max": 27812.0,
      "count": 1,
      "ratio_to_perfect": 0.8213821618428825
    },
    "llm": {
      "rewards": [
        28934.0
      ],
      "mean": 28934.0,
      "std": 0.0,
      "min": 28934.0,
      "max": 28934.0,
      "count": 1,
      "ratio_to_perfect": 0.854518606024808
    },
    "llm_to_or": {
      "rewards": [
        26982.0
      ],
      "mean": 26982.0,
      "std": 0.0,
      "min": 26982.0,
      "max": 26982.0,
      "count": 1,
      "ratio_to_perfect": 0.7968694624926167
    },
    "or_to_llm": {
      "rewards": [
        28127.0
      ],
      "mean": 28127.0,
      "std": 0.0,
      "min": 28127.0,
      "max": 28127.0,
      "count": 1,
      "ratio_to_perfect": 0.830685174246899
    },
    "perfect_score": {
      "rewards": [
        33860.0
      ],
      "mean": 33860.0,
      "std": 0.0,
      "min": 33860.0,
      "max": 33860.0,
      "count": 1,
      "ratio_to_perfect": 1.0
    }
  },
  "errors": {}
}