{
  "instance_dir": "D:\\TextArena\\examples\\benchmark\\real_small_batch\\lead_time_0\\399087014",
  "instance_name": "399087014",
  "promised_lead_time": 0,
  "model": "google/gemini-3-pro-preview",
  "num_runs_llm": 1,
  "num_runs_deterministic": 1,
  "max_periods": null,
  "summary": {
    "perfect_score": 15904.0,
    "ratios": {
      "or": 0.7732645875251509,
      "llm": 0.7999245472837022,
      "llm_to_or": 0.8207997987927566,
      "or_to_llm": 0.7894869215291751,
      "perfect_score": 1.0
    },
    "warnings": null
  },
  "results": {
    "or": {
      "rewards": [
        12298.0
      ],
      "mean": 12298.0,
      "std": 0.0,
      "min": 12298.0,
      "max": 12298.0,
      "count": 1,
      "ratio_to_perfect": 0.7732645875251509
    },
    "llm": {
      "rewards": [
        12722.0
      ],
      "mean": 12722.0,
      "std": 0.0,
      "min": 12722.0,
      "max": 12722.0,
      "count": 1,
      "ratio_to_perfect": 0.7999245472837022
    },
    "llm_to_or": {
      "rewards": [
        13054.0
      ],
      "mean": 13054.0,
      "std": 0.0,
      "min": 13054.0,
      "max": 13054.0,
      "count": 1,
      "ratio_to_perfect": 0.8207997987927566
    },
    "or_to_llm": {
      "rewards": [
        12556.0
      ],
      "mean": 12556.0,
      "std": 0.0,
      "min": 12556.0,
      "max": 12556.0,
      "count": 1,
      "ratio_to_perfect": 0.7894869215291751
    },
    "perfect_score": {
      "rewards": [
        15904.0
      ],
      "mean": 15904.0,
      "std": 0.0,
      "min": 15904.0,
      "max": 15904.0,
      "count": 1,
      "ratio_to_perfect": 1.0
    }
  },
  "errors": {}
}