{
  "instance_dir": "D:\\TextArena\\examples\\initial_synthetic_demand_files\\case3_increasing",
  "instance_name": "case3_increasing",
  "promised_lead_time": 0,
  "num_runs_llm": 5,
  "num_runs_deterministic": 1,
  "max_periods": null,
  "results": {
    "or": {
      "rewards": [
        350752.0
      ],
      "mean": 350752.0,
      "std": 0.0,
      "min": 350752.0,
      "max": 350752.0,
      "count": 1
    },
    "llm": {
      "rewards": [
        0.0,
        495076.0,
        494336.0,
        494876.0,
        494928.0
      ],
      "mean": 395843.2,
      "std": 197921.75843034542,
      "min": 0.0,
      "max": 495076.0,
      "count": 5
    },
    "llm_to_or": {
      "rewards": [
        485049.0,
        486440.0,
        491043.0,
        487169.0,
        489670.0
      ],
      "mean": 487874.2,
      "std": 2181.842469107245,
      "min": 485049.0,
      "max": 491043.0,
      "count": 5
    },
    "simple_llm_to_or": {
      "rewards": [
        475279.0,
        474966.0,
        475048.0,
        476065.0,
        476200.0
      ],
      "mean": 475511.6,
      "std": 519.0092870074677,
      "min": 474966.0,
      "max": 476200.0,
      "count": 5
    },
    "or_to_llm": {
      "rewards": [
        493726.0,
        492584.0,
        490667.0,
        491139.0,
        493105.0
      ],
      "mean": 492244.2,
      "std": 1162.8584436637161,
      "min": 490667.0,
      "max": 493726.0,
      "count": 5
    },
    "perfect_score": {
      "rewards": [
        509056.0
      ],
      "mean": 509056.0,
      "std": 0.0,
      "min": 509056.0,
      "max": 509056.0,
      "count": 1
    }
  },
  "errors": {}
}