{
  "instance_dir": "D:\\TextArena\\examples\\benchmark\\real_small_batch\\lead_time_0\\189616006",
  "instance_name": "189616006",
  "promised_lead_time": 0,
  "model": "google/gemini-3-pro-preview",
  "num_runs_llm": 1,
  "num_runs_deterministic": 1,
  "max_periods": null,
  "summary": {
    "perfect_score": 16980.0,
    "ratios": {
      "or": 0.7642520612485276,
      "llm": 0.8294464075382804,
      "or_to_llm": 0.8212014134275618,
      "perfect_score": 1.0,
      "llm_to_or": 0.8277385159010601
    },
    "warnings": null
  },
  "results": {
    "or": {
      "rewards": [
        12977.0
      ],
      "mean": 12977.0,
      "std": 0.0,
      "min": 12977.0,
      "max": 12977.0,
      "count": 1,
      "ratio_to_perfect": 0.7642520612485276
    },
    "llm": {
      "rewards": [
        14084.0
      ],
      "mean": 14084.0,
      "std": 0.0,
      "min": 14084.0,
      "max": 14084.0,
      "count": 1,
      "ratio_to_perfect": 0.8294464075382804
    },
    "llm_to_or": {
      "rewards": [
        14055.0
      ],
      "mean": 14055.0,
      "std": 0.0,
      "min": 14055.0,
      "max": 14055.0,
      "count": 1,
      "ratio_to_perfect": 0.8277385159010601
    },
    "or_to_llm": {
      "rewards": [
        13944.0
      ],
      "mean": 13944.0,
      "std": 0.0,
      "min": 13944.0,
      "max": 13944.0,
      "count": 1,
      "ratio_to_perfect": 0.8212014134275618
    },
    "perfect_score": {
      "rewards": [
        16980.0
      ],
      "mean": 16980.0,
      "std": 0.0,
      "min": 16980.0,
      "max": 16980.0,
      "count": 1,
      "ratio_to_perfect": 1.0
    }
  },
  "errors": {}
}