{
  "instance_dir": "D:\\TextArena\\examples\\benchmark\\synthetic_small_batch\\p_h_med\\lead_time_0\\p02_mean_increase\\v1_100to200\\r1",
  "instance_name": "r1",
  "promised_lead_time": 0,
  "model": "google/gemini-3-pro-preview",
  "num_runs_llm": 1,
  "num_runs_deterministic": 1,
  "max_periods": null,
  "summary": {
    "perfect_score": 33552.0,
    "ratios": {
      "or": 0.8847162613257034,
      "llm": 0.9152956604673342,
      "llm_to_or": 0.9126132570338579,
      "or_to_llm": 0.9159215546018121,
      "perfect_score": 1.0
    },
    "warnings": null
  },
  "results": {
    "or": {
      "rewards": [
        29684.0
      ],
      "mean": 29684.0,
      "std": 0.0,
      "min": 29684.0,
      "max": 29684.0,
      "count": 1,
      "ratio_to_perfect": 0.8847162613257034
    },
    "llm": {
      "rewards": [
        30710.0
      ],
      "mean": 30710.0,
      "std": 0.0,
      "min": 30710.0,
      "max": 30710.0,
      "count": 1,
      "ratio_to_perfect": 0.9152956604673342
    },
    "llm_to_or": {
      "rewards": [
        30620.0
      ],
      "mean": 30620.0,
      "std": 0.0,
      "min": 30620.0,
      "max": 30620.0,
      "count": 1,
      "ratio_to_perfect": 0.9126132570338579
    },
    "or_to_llm": {
      "rewards": [
        30731.0
      ],
      "mean": 30731.0,
      "std": 0.0,
      "min": 30731.0,
      "max": 30731.0,
      "count": 1,
      "ratio_to_perfect": 0.9159215546018121
    },
    "perfect_score": {
      "rewards": [
        33552.0
      ],
      "mean": 33552.0,
      "std": 0.0,
      "min": 33552.0,
      "max": 33552.0,
      "count": 1,
      "ratio_to_perfect": 1.0
    }
  },
  "errors": {}
}