{
  "instance_dir": "D:\\TextArena\\examples\\initial_synthetic_demand_files\\case1_iid_normal",
  "instance_name": "case1_iid_normal",
  "promised_lead_time": 0,
  "num_runs_llm": 5,
  "num_runs_deterministic": 1,
  "max_periods": null,
  "results": {
    "or": {
      "rewards": [
        19178.0
      ],
      "mean": 19178.0,
      "std": 0.0,
      "min": 19178.0,
      "max": 19178.0,
      "count": 1
    },
    "llm": {
      "rewards": [
        18774.0,
        18858.0,
        18950.0,
        18818.0,
        18863.0
      ],
      "mean": 18852.6,
      "std": 58.30814694363043,
      "min": 18774.0,
      "max": 18950.0,
      "count": 5
    },
    "llm_to_or": {
      "rewards": [
        19067.0,
        19085.0,
        19106.0,
        19132.0,
        19082.0
      ],
      "mean": 19094.4,
      "std": 22.544178849538966,
      "min": 19067.0,
      "max": 19132.0,
      "count": 5
    },
    "simple_llm_to_or": {
      "rewards": [
        19032.0,
        18947.0,
        19056.0,
        19037.0,
        18971.0
      ],
      "mean": 19008.6,
      "std": 41.974277837742484,
      "min": 18947.0,
      "max": 19056.0,
      "count": 5
    },
    "or_to_llm": {
      "rewards": [
        19045.0,
        19159.0,
        19124.0,
        19122.0,
        19150.0
      ],
      "mean": 19120.0,
      "std": 40.16466108409232,
      "min": 19045.0,
      "max": 19159.0,
      "count": 5
    },
    "perfect_score": {
      "rewards": [
        20460.0
      ],
      "mean": 20460.0,
      "std": 0.0,
      "min": 20460.0,
      "max": 20460.0,
      "count": 1
    }
  },
  "errors": {}
}