{
  "instance_dir": "D:\\TextArena\\examples\\benchmark\\real_small_batch\\lead_time_0\\399223001",
  "instance_name": "399223001",
  "promised_lead_time": 0,
  "model": "google/gemini-3-pro-preview",
  "num_runs_llm": 1,
  "num_runs_deterministic": 1,
  "max_periods": null,
  "summary": {
    "perfect_score": 39160.0,
    "ratios": {
      "or": 0.828855975485189,
      "llm": 0.8844484167517875,
      "llm_to_or": 0.8664708886618999,
      "or_to_llm": 0.883197139938713,
      "perfect_score": 1.0
    },
    "warnings": null
  },
  "results": {
    "or": {
      "rewards": [
        32458.0
      ],
      "mean": 32458.0,
      "std": 0.0,
      "min": 32458.0,
      "max": 32458.0,
      "count": 1,
      "ratio_to_perfect": 0.828855975485189
    },
    "llm": {
      "rewards": [
        34635.0
      ],
      "mean": 34635.0,
      "std": 0.0,
      "min": 34635.0,
      "max": 34635.0,
      "count": 1,
      "ratio_to_perfect": 0.8844484167517875
    },
    "llm_to_or": {
      "rewards": [
        33931.0
      ],
      "mean": 33931.0,
      "std": 0.0,
      "min": 33931.0,
      "max": 33931.0,
      "count": 1,
      "ratio_to_perfect": 0.8664708886618999
    },
    "or_to_llm": {
      "rewards": [
        34586.0
      ],
      "mean": 34586.0,
      "std": 0.0,
      "min": 34586.0,
      "max": 34586.0,
      "count": 1,
      "ratio_to_perfect": 0.883197139938713
    },
    "perfect_score": {
      "rewards": [
        39160.0
      ],
      "mean": 39160.0,
      "std": 0.0,
      "min": 39160.0,
      "max": 39160.0,
      "count": 1,
      "ratio_to_perfect": 1.0
    }
  },
  "errors": {}
}