{
  "instance_dir": "D:\\TextArena\\examples\\benchmark\\real_small_batch\\lead_time_0\\372860024",
  "instance_name": "372860024",
  "promised_lead_time": 0,
  "model": "google/gemini-3-pro-preview",
  "num_runs_llm": 1,
  "num_runs_deterministic": 1,
  "max_periods": null,
  "summary": {
    "perfect_score": 11960.0,
    "ratios": {
      "or": 0.8655518394648829,
      "llm": 0.881438127090301,
      "llm_to_or": 0.8816889632107023,
      "or_to_llm": 0.8698160535117057,
      "perfect_score": 1.0
    },
    "warnings": null
  },
  "results": {
    "or": {
      "rewards": [
        10352.0
      ],
      "mean": 10352.0,
      "std": 0.0,
      "min": 10352.0,
      "max": 10352.0,
      "count": 1,
      "ratio_to_perfect": 0.8655518394648829
    },
    "llm": {
      "rewards": [
        10542.0
      ],
      "mean": 10542.0,
      "std": 0.0,
      "min": 10542.0,
      "max": 10542.0,
      "count": 1,
      "ratio_to_perfect": 0.881438127090301
    },
    "llm_to_or": {
      "rewards": [
        10545.0
      ],
      "mean": 10545.0,
      "std": 0.0,
      "min": 10545.0,
      "max": 10545.0,
      "count": 1,
      "ratio_to_perfect": 0.8816889632107023
    },
    "or_to_llm": {
      "rewards": [
        10403.0
      ],
      "mean": 10403.0,
      "std": 0.0,
      "min": 10403.0,
      "max": 10403.0,
      "count": 1,
      "ratio_to_perfect": 0.8698160535117057
    },
    "perfect_score": {
      "rewards": [
        11960.0
      ],
      "mean": 11960.0,
      "std": 0.0,
      "min": 11960.0,
      "max": 11960.0,
      "count": 1,
      "ratio_to_perfect": 1.0
    }
  },
  "errors": {}
}