{
  "instance_dir": "D:\\TextArena\\examples\\benchmark\\synthetic_small_batch\\p_h_med\\lead_time_4\\p04_increasing_trend\\v1_linear_100t\\r1",
  "instance_name": "r1",
  "promised_lead_time": 4,
  "model": "google/gemini-3-pro-preview",
  "num_runs_llm": 1,
  "num_runs_deterministic": 1,
  "max_periods": null,
  "summary": {
    "perfect_score": 504124.0,
    "ratios": {
      "or": 0.5162856757464434,
      "llm": 0.8868076108259079,
      "llm_to_or": 0.8935083431854067,
      "or_to_llm": 0.8740785997095952,
      "perfect_score": 1.0
    },
    "warnings": null
  },
  "results": {
    "or": {
      "rewards": [
        260272.0
      ],
      "mean": 260272.0,
      "std": 0.0,
      "min": 260272.0,
      "max": 260272.0,
      "count": 1,
      "ratio_to_perfect": 0.5162856757464434
    },
    "llm": {
      "rewards": [
        447061.0
      ],
      "mean": 447061.0,
      "std": 0.0,
      "min": 447061.0,
      "max": 447061.0,
      "count": 1,
      "ratio_to_perfect": 0.8868076108259079
    },
    "llm_to_or": {
      "rewards": [
        450439.0
      ],
      "mean": 450439.0,
      "std": 0.0,
      "min": 450439.0,
      "max": 450439.0,
      "count": 1,
      "ratio_to_perfect": 0.8935083431854067
    },
    "or_to_llm": {
      "rewards": [
        440644.0
      ],
      "mean": 440644.0,
      "std": 0.0,
      "min": 440644.0,
      "max": 440644.0,
      "count": 1,
      "ratio_to_perfect": 0.8740785997095952
    },
    "perfect_score": {
      "rewards": [
        504124.0
      ],
      "mean": 504124.0,
      "std": 0.0,
      "min": 504124.0,
      "max": 504124.0,
      "count": 1,
      "ratio_to_perfect": 1.0
    }
  },
  "errors": {}
}