{
  "instance_dir": "D:\\TextArena\\examples\\benchmark\\real_small_batch\\lead_time_0\\399061008",
  "instance_name": "399061008",
  "promised_lead_time": 0,
  "model": "google/gemini-3-pro-preview",
  "num_runs_llm": 1,
  "num_runs_deterministic": 1,
  "max_periods": null,
  "summary": {
    "perfect_score": 16272.0,
    "ratios": {
      "or": 0.6239552605703048,
      "llm": 0.7762413962635202,
      "llm_to_or": 0.8294001966568338,
      "or_to_llm": 0.7718166175024582,
      "perfect_score": 1.0
    },
    "warnings": null
  },
  "results": {
    "or": {
      "rewards": [
        10153.0
      ],
      "mean": 10153.0,
      "std": 0.0,
      "min": 10153.0,
      "max": 10153.0,
      "count": 1,
      "ratio_to_perfect": 0.6239552605703048
    },
    "llm": {
      "rewards": [
        12631.0
      ],
      "mean": 12631.0,
      "std": 0.0,
      "min": 12631.0,
      "max": 12631.0,
      "count": 1,
      "ratio_to_perfect": 0.7762413962635202
    },
    "llm_to_or": {
      "rewards": [
        13496.0
      ],
      "mean": 13496.0,
      "std": 0.0,
      "min": 13496.0,
      "max": 13496.0,
      "count": 1,
      "ratio_to_perfect": 0.8294001966568338
    },
    "or_to_llm": {
      "rewards": [
        12559.0
      ],
      "mean": 12559.0,
      "std": 0.0,
      "min": 12559.0,
      "max": 12559.0,
      "count": 1,
      "ratio_to_perfect": 0.7718166175024582
    },
    "perfect_score": {
      "rewards": [
        16272.0
      ],
      "mean": 16272.0,
      "std": 0.0,
      "min": 16272.0,
      "max": 16272.0,
      "count": 1,
      "ratio_to_perfect": 1.0
    }
  },
  "errors": {}
}