{
  "instance_dir": "D:\\TextArena\\examples\\benchmark\\real_small_batch\\lead_time_0\\399087030",
  "instance_name": "399087030",
  "promised_lead_time": 0,
  "model": "google/gemini-3-pro-preview",
  "num_runs_llm": 1,
  "num_runs_deterministic": 1,
  "max_periods": null,
  "summary": {
    "perfect_score": 13372.0,
    "ratios": {
      "or": 0.6809003888722704,
      "llm": 0.7818576129225246,
      "llm_to_or": 0.7636105294645528,
      "or_to_llm": 0.7909063715225845,
      "perfect_score": 1.0
    },
    "warnings": null
  },
  "results": {
    "or": {
      "rewards": [
        9105.0
      ],
      "mean": 9105.0,
      "std": 0.0,
      "min": 9105.0,
      "max": 9105.0,
      "count": 1,
      "ratio_to_perfect": 0.6809003888722704
    },
    "llm": {
      "rewards": [
        10455.0
      ],
      "mean": 10455.0,
      "std": 0.0,
      "min": 10455.0,
      "max": 10455.0,
      "count": 1,
      "ratio_to_perfect": 0.7818576129225246
    },
    "llm_to_or": {
      "rewards": [
        10211.0
      ],
      "mean": 10211.0,
      "std": 0.0,
      "min": 10211.0,
      "max": 10211.0,
      "count": 1,
      "ratio_to_perfect": 0.7636105294645528
    },
    "or_to_llm": {
      "rewards": [
        10576.0
      ],
      "mean": 10576.0,
      "std": 0.0,
      "min": 10576.0,
      "max": 10576.0,
      "count": 1,
      "ratio_to_perfect": 0.7909063715225845
    },
    "perfect_score": {
      "rewards": [
        13372.0
      ],
      "mean": 13372.0,
      "std": 0.0,
      "min": 13372.0,
      "max": 13372.0,
      "count": 1,
      "ratio_to_perfect": 1.0
    }
  },
  "errors": {}
}