{
  "instance_dir": "D:\\TextArena\\examples\\benchmark\\synthetic_small_batch\\p_h_med\\lead_time_0\\p04_increasing_trend\\v1_linear_100t\\r1",
  "instance_name": "r1",
  "promised_lead_time": 0,
  "model": "google/gemini-3-pro-preview",
  "num_runs_llm": 1,
  "num_runs_deterministic": 1,
  "max_periods": null,
  "summary": {
    "perfect_score": 504124.0,
    "ratios": {
      "or": 0.6976339154652427,
      "llm": 0.9803163507391038,
      "llm_to_or": 0.9618189175679,
      "or_to_llm": 0.9705766835143734,
      "perfect_score": 1.0
    },
    "warnings": null
  },
  "results": {
    "or": {
      "rewards": [
        351694.0
      ],
      "mean": 351694.0,
      "std": 0.0,
      "min": 351694.0,
      "max": 351694.0,
      "count": 1,
      "ratio_to_perfect": 0.6976339154652427
    },
    "llm": {
      "rewards": [
        494201.0
      ],
      "mean": 494201.0,
      "std": 0.0,
      "min": 494201.0,
      "max": 494201.0,
      "count": 1,
      "ratio_to_perfect": 0.9803163507391038
    },
    "llm_to_or": {
      "rewards": [
        484876.0
      ],
      "mean": 484876.0,
      "std": 0.0,
      "min": 484876.0,
      "max": 484876.0,
      "count": 1,
      "ratio_to_perfect": 0.9618189175679
    },
    "or_to_llm": {
      "rewards": [
        489291.0
      ],
      "mean": 489291.0,
      "std": 0.0,
      "min": 489291.0,
      "max": 489291.0,
      "count": 1,
      "ratio_to_perfect": 0.9705766835143734
    },
    "perfect_score": {
      "rewards": [
        504124.0
      ],
      "mean": 504124.0,
      "std": 0.0,
      "min": 504124.0,
      "max": 504124.0,
      "count": 1,
      "ratio_to_perfect": 1.0
    }
  },
  "errors": {}
}