{
  "instance_dir": "D:\\TextArena\\examples\\initial_synthetic_demand_files\\case3_increasing",
  "instance_name": "case3_increasing",
  "promised_lead_time": 4,
  "num_runs_llm": 5,
  "num_runs_deterministic": 1,
  "max_periods": null,
  "results": {
    "or": {
      "rewards": [
        254756.0
      ],
      "mean": 254756.0,
      "std": 0.0,
      "min": 254756.0,
      "max": 254756.0,
      "count": 1
    },
    "llm": {
      "rewards": [
        408573.0,
        412477.0,
        415898.0,
        424429.0,
        410253.0
      ],
      "mean": 414326.0,
      "std": 5615.103418459895,
      "min": 408573.0,
      "max": 424429.0,
      "count": 5
    },
    "llm_to_or": {
      "rewards": [
        422078.0,
        415758.0,
        420655.0,
        425423.0
      ],
      "mean": 420978.5,
      "std": 3475.656520716626,
      "min": 415758.0,
      "max": 425423.0,
      "count": 4
    },
    "simple_llm_to_or": {
      "rewards": [
        452496.0,
        437486.0,
        442004.0,
        441719.0,
        439306.0
      ],
      "mean": 442602.2,
      "std": 5216.619610437396,
      "min": 437486.0,
      "max": 452496.0,
      "count": 5
    },
    "or_to_llm": {
      "rewards": [
        410921.0,
        407966.0,
        404947.0,
        395002.0,
        414003.0
      ],
      "mean": 406567.8,
      "std": 6520.463707436765,
      "min": 395002.0,
      "max": 414003.0,
      "count": 5
    },
    "perfect_score": {
      "rewards": [
        504820.0
      ],
      "mean": 504820.0,
      "std": 0.0,
      "min": 504820.0,
      "max": 504820.0,
      "count": 1
    }
  },
  "errors": {
    "llm_to_or": [
      "Could not extract reward from output. Exit code: 1"
    ]
  }
}