{
  "instance_dir": "D:\\TextArena\\examples\\initial_synthetic_demand_files\\case3_increasing",
  "instance_name": "case3_increasing",
  "promised_lead_time": 2,
  "num_runs_llm": 5,
  "num_runs_deterministic": 1,
  "max_periods": null,
  "results": {
    "or": {
      "rewards": [
        114030.0
      ],
      "mean": 114030.0,
      "std": 0.0,
      "min": 114030.0,
      "max": 114030.0,
      "count": 1
    },
    "llm": {
      "rewards": [
        347210.0,
        334573.0,
        316537.0,
        349229.0,
        352074.0
      ],
      "mean": 339924.6,
      "std": 13136.790241150995,
      "min": 316537.0,
      "max": 352074.0,
      "count": 5
    },
    "llm_to_or": {
      "rewards": [
        288232.0,
        235883.0,
        271471.0,
        235545.0,
        230385.0
      ],
      "mean": 252303.2,
      "std": 23191.1662181961,
      "min": 230385.0,
      "max": 288232.0,
      "count": 5
    },
    "simple_llm_to_or": {
      "rewards": [
        225035.0,
        230552.0,
        223476.0,
        233741.0,
        217587.0
      ],
      "mean": 226078.2,
      "std": 5633.712431425658,
      "min": 217587.0,
      "max": 233741.0,
      "count": 5
    },
    "or_to_llm": {
      "rewards": [
        338385.0,
        309890.0,
        323384.0,
        318560.0,
        322441.0
      ],
      "mean": 322532.0,
      "std": 9248.229473796593,
      "min": 309890.0,
      "max": 338385.0,
      "count": 5
    },
    "perfect_score": {
      "rewards": [
        506568.0
      ],
      "mean": 506568.0,
      "std": 0.0,
      "min": 506568.0,
      "max": 506568.0,
      "count": 1
    }
  },
  "errors": {}
}