{
  "instance_dir": "D:\\TextArena\\examples\\initial_synthetic_demand_files\\case1_iid_normal",
  "instance_name": "case1_iid_normal",
  "promised_lead_time": 2,
  "num_runs_llm": 5,
  "num_runs_deterministic": 1,
  "max_periods": null,
  "results": {
    "or": {
      "rewards": [
        3486.0
      ],
      "mean": 3486.0,
      "std": 0.0,
      "min": 3486.0,
      "max": 3486.0,
      "count": 1
    },
    "llm": {
      "rewards": [
        10501.0,
        8961.0,
        9519.0,
        9501.0,
        10910.0
      ],
      "mean": 9878.4,
      "std": 716.247331583162,
      "min": 8961.0,
      "max": 10910.0,
      "count": 5
    },
    "llm_to_or": {
      "rewards": [
        7866.0,
        1766.0,
        6247.0,
        7323.0,
        8535.0
      ],
      "mean": 6347.4,
      "std": 2410.0971432703705,
      "min": 1766.0,
      "max": 8535.0,
      "count": 5
    },
    "simple_llm_to_or": {
      "rewards": [
        4606.0,
        4388.0,
        3866.0,
        4332.0,
        4640.0
      ],
      "mean": 4366.4,
      "std": 277.2418438836389,
      "min": 3866.0,
      "max": 4640.0,
      "count": 5
    },
    "or_to_llm": {
      "rewards": [
        11548.0,
        10652.0,
        10828.0,
        11422.0,
        11673.0
      ],
      "mean": 11224.6,
      "std": 407.37677891603005,
      "min": 10652.0,
      "max": 11673.0,
      "count": 5
    },
    "perfect_score": {
      "rewards": [
        19256.0
      ],
      "mean": 19256.0,
      "std": 0.0,
      "min": 19256.0,
      "max": 19256.0,
      "count": 1
    }
  },
  "errors": {}
}