{
  "instance_dir": "D:\\TextArena\\examples\\initial_synthetic_demand_files\\case1_iid_normal",
  "instance_name": "case1_iid_normal",
  "promised_lead_time": 4,
  "num_runs_llm": 5,
  "num_runs_deterministic": 1,
  "max_periods": null,
  "results": {
    "or": {
      "rewards": [
        15692.0
      ],
      "mean": 15692.0,
      "std": 0.0,
      "min": 15692.0,
      "max": 15692.0,
      "count": 1
    },
    "llm": {
      "rewards": [
        12122.0,
        12522.0,
        12101.0,
        11980.0,
        11706.0
      ],
      "mean": 12086.2,
      "std": 263.5347415427424,
      "min": 11706.0,
      "max": 12522.0,
      "count": 5
    },
    "llm_to_or": {
      "rewards": [
        15400.0,
        15203.0,
        15208.0,
        15077.0
      ],
      "mean": 15222.0,
      "std": 115.39714034585086,
      "min": 15077.0,
      "max": 15400.0,
      "count": 4
    },
    "simple_llm_to_or": {
      "rewards": [
        14396.0,
        14659.0,
        14861.0,
        14717.0,
        14866.0
      ],
      "mean": 14699.8,
      "std": 171.96674097045624,
      "min": 14396.0,
      "max": 14866.0,
      "count": 5
    },
    "or_to_llm": {
      "rewards": [
        15647.0,
        15201.0,
        15613.0,
        15597.0,
        15686.0
      ],
      "mean": 15548.8,
      "std": 176.5654552850019,
      "min": 15201.0,
      "max": 15686.0,
      "count": 5
    },
    "perfect_score": {
      "rewards": [
        18760.0
      ],
      "mean": 18760.0,
      "std": 0.0,
      "min": 18760.0,
      "max": 18760.0,
      "count": 1
    }
  },
  "errors": {
    "llm_to_or": [
      "Could not extract reward from output. Exit code: 1"
    ]
  }
}