{
  "instance_dir": "D:\\TextArena\\examples\\H&M_instances\\weekly_H&M_instances\\610776002",
  "instance_name": "610776002",
  "promised_lead_time": 2,
  "num_runs_llm": 5,
  "num_runs_deterministic": 1,
  "max_periods": null,
  "results": {
    "or": {
      "rewards": [
        6379.0
      ],
      "mean": 6379.0,
      "std": 0.0,
      "min": 6379.0,
      "max": 6379.0,
      "count": 1
    },
    "llm": {
      "rewards": [
        22215.0,
        24916.0,
        26766.0,
        26186.0,
        22647.0
      ],
      "mean": 24546.0,
      "std": 1832.7390430718717,
      "min": 22215.0,
      "max": 26766.0,
      "count": 5
    },
    "llm_to_or": {
      "rewards": [
        12988.0,
        17251.0,
        14044.0,
        14751.0,
        14892.0
      ],
      "mean": 14785.2,
      "std": 1405.1370609303565,
      "min": 12988.0,
      "max": 17251.0,
      "count": 5
    },
    "simple_llm_to_or": {
      "rewards": [
        7644.0,
        7465.0,
        7515.0,
        7640.0,
        7514.0
      ],
      "mean": 7555.6,
      "std": 72.83570552963704,
      "min": 7465.0,
      "max": 7644.0,
      "count": 5
    },
    "or_to_llm": {
      "rewards": [
        22061.0,
        22652.0,
        21610.0,
        21806.0,
        21807.0
      ],
      "mean": 21987.2,
      "std": 361.93667954491707,
      "min": 21610.0,
      "max": 22652.0,
      "count": 5
    },
    "perfect_score": {
      "rewards": [
        41688.0
      ],
      "mean": 41688.0,
      "std": 0.0,
      "min": 41688.0,
      "max": 41688.0,
      "count": 1
    }
  },
  "errors": {}
}