{
  "instance_dir": "D:\\TextArena\\examples\\H&M_instances\\weekly_H&M_instances\\610776002",
  "instance_name": "610776002",
  "promised_lead_time": 4,
  "num_runs_llm": 5,
  "num_runs_deterministic": 1,
  "max_periods": null,
  "results": {
    "or": {
      "rewards": [
        4503.0
      ],
      "mean": 4503.0,
      "std": 0.0,
      "min": 4503.0,
      "max": 4503.0,
      "count": 1
    },
    "llm": {
      "rewards": [
        9203.0,
        6254.0,
        11436.0,
        9895.0,
        13703.0
      ],
      "mean": 10098.2,
      "std": 2465.9618326324517,
      "min": 6254.0,
      "max": 13703.0,
      "count": 5
    },
    "llm_to_or": {
      "rewards": [
        19798.0,
        18739.0,
        19053.0,
        19794.0
      ],
      "mean": 19346.0,
      "std": 463.49379715374835,
      "min": 18739.0,
      "max": 19798.0,
      "count": 4
    },
    "simple_llm_to_or": {
      "rewards": [
        17861.0,
        15921.0,
        16479.0,
        16794.0,
        16685.0
      ],
      "mean": 16748.0,
      "std": 632.6363884570662,
      "min": 15921.0,
      "max": 17861.0,
      "count": 5
    },
    "or_to_llm": {
      "rewards": [
        16366.0,
        20991.0,
        20316.0,
        20273.0,
        19087.0
      ],
      "mean": 19406.6,
      "std": 1639.2298923579938,
      "min": 16366.0,
      "max": 20991.0,
      "count": 5
    },
    "perfect_score": {
      "rewards": [
        38068.0
      ],
      "mean": 38068.0,
      "std": 0.0,
      "min": 38068.0,
      "max": 38068.0,
      "count": 1
    }
  },
  "errors": {
    "llm_to_or": [
      "Could not extract reward from output. Exit code: 1"
    ]
  }
}