{
  "instance_dir": "D:\\TextArena\\examples\\benchmark\\synthetic_small_batch\\p_h_med\\lead_time_0\\p09_temp_spike_dip\\v1_temp_surge\\r1",
  "instance_name": "r1",
  "promised_lead_time": 0,
  "model": "google/gemini-3-pro-preview",
  "num_runs_llm": 1,
  "num_runs_deterministic": 1,
  "max_periods": null,
  "summary": {
    "perfect_score": 24816.0,
    "ratios": {
      "or": 0.81785944551902,
      "llm": 0.8876934235976789,
      "llm_to_or": 0.8953094777562862,
      "or_to_llm": 0.8860815602836879,
      "perfect_score": 1.0
    },
    "warnings": null
  },
  "results": {
    "or": {
      "rewards": [
        20296.0
      ],
      "mean": 20296.0,
      "std": 0.0,
      "min": 20296.0,
      "max": 20296.0,
      "count": 1,
      "ratio_to_perfect": 0.81785944551902
    },
    "llm": {
      "rewards": [
        22029.0
      ],
      "mean": 22029.0,
      "std": 0.0,
      "min": 22029.0,
      "max": 22029.0,
      "count": 1,
      "ratio_to_perfect": 0.8876934235976789
    },
    "llm_to_or": {
      "rewards": [
        22218.0
      ],
      "mean": 22218.0,
      "std": 0.0,
      "min": 22218.0,
      "max": 22218.0,
      "count": 1,
      "ratio_to_perfect": 0.8953094777562862
    },
    "or_to_llm": {
      "rewards": [
        21989.0
      ],
      "mean": 21989.0,
      "std": 0.0,
      "min": 21989.0,
      "max": 21989.0,
      "count": 1,
      "ratio_to_perfect": 0.8860815602836879
    },
    "perfect_score": {
      "rewards": [
        24816.0
      ],
      "mean": 24816.0,
      "std": 0.0,
      "min": 24816.0,
      "max": 24816.0,
      "count": 1,
      "ratio_to_perfect": 1.0
    }
  },
  "errors": {}
}