{
  "instance_dir": "D:\\TextArena\\examples\\benchmark\\real_small_batch\\lead_time_0\\179950001",
  "instance_name": "179950001",
  "promised_lead_time": 0,
  "model": "google/gemini-3-pro-preview",
  "num_runs_llm": 1,
  "num_runs_deterministic": 1,
  "max_periods": null,
  "summary": {
    "perfect_score": 15948.0,
    "ratios": {
      "or": 0.8155254577376474,
      "llm": 0.8360295961876097,
      "or_to_llm": 0.8319538500125407,
      "perfect_score": 1.0,
      "llm_to_or": 0.8199147228492601
    },
    "warnings": null
  },
  "results": {
    "or": {
      "rewards": [
        13006.0
      ],
      "mean": 13006.0,
      "std": 0.0,
      "min": 13006.0,
      "max": 13006.0,
      "count": 1,
      "ratio_to_perfect": 0.8155254577376474
    },
    "llm": {
      "rewards": [
        13333.0
      ],
      "mean": 13333.0,
      "std": 0.0,
      "min": 13333.0,
      "max": 13333.0,
      "count": 1,
      "ratio_to_perfect": 0.8360295961876097
    },
    "llm_to_or": {
      "rewards": [
        13076.0
      ],
      "mean": 13076.0,
      "std": 0.0,
      "min": 13076.0,
      "max": 13076.0,
      "count": 1,
      "ratio_to_perfect": 0.8199147228492601
    },
    "or_to_llm": {
      "rewards": [
        13268.0
      ],
      "mean": 13268.0,
      "std": 0.0,
      "min": 13268.0,
      "max": 13268.0,
      "count": 1,
      "ratio_to_perfect": 0.8319538500125407
    },
    "perfect_score": {
      "rewards": [
        15948.0
      ],
      "mean": 15948.0,
      "std": 0.0,
      "min": 15948.0,
      "max": 15948.0,
      "count": 1,
      "ratio_to_perfect": 1.0
    }
  },
  "errors": {}
}