{
  "instance_dir": "D:\\TextArena\\examples\\benchmark\\synthetic_small_batch\\p_h_med\\lead_time_4\\p01_stationary_iid\\v1_normal_100_25\\r1",
  "instance_name": "r1",
  "promised_lead_time": 4,
  "model": "google/gemini-3-pro-preview",
  "num_runs_llm": 1,
  "num_runs_deterministic": 1,
  "max_periods": null,
  "summary": {
    "perfect_score": 20488.0,
    "ratios": {
      "or": 0.7699140960562281,
      "llm": 0.6194357672784069,
      "llm_to_or": 0.7061694650527138,
      "or_to_llm": 0.6876220226474034,
      "perfect_score": 1.0
    },
    "warnings": null
  },
  "results": {
    "or": {
      "rewards": [
        15774.0
      ],
      "mean": 15774.0,
      "std": 0.0,
      "min": 15774.0,
      "max": 15774.0,
      "count": 1,
      "ratio_to_perfect": 0.7699140960562281
    },
    "llm": {
      "rewards": [
        12691.0
      ],
      "mean": 12691.0,
      "std": 0.0,
      "min": 12691.0,
      "max": 12691.0,
      "count": 1,
      "ratio_to_perfect": 0.6194357672784069
    },
    "llm_to_or": {
      "rewards": [
        14468.0
      ],
      "mean": 14468.0,
      "std": 0.0,
      "min": 14468.0,
      "max": 14468.0,
      "count": 1,
      "ratio_to_perfect": 0.7061694650527138
    },
    "or_to_llm": {
      "rewards": [
        14088.0
      ],
      "mean": 14088.0,
      "std": 0.0,
      "min": 14088.0,
      "max": 14088.0,
      "count": 1,
      "ratio_to_perfect": 0.6876220226474034
    },
    "perfect_score": {
      "rewards": [
        20488.0
      ],
      "mean": 20488.0,
      "std": 0.0,
      "min": 20488.0,
      "max": 20488.0,
      "count": 1,
      "ratio_to_perfect": 1.0
    }
  },
  "errors": {}
}