{
  "instance_dir": "D:\\TextArena\\examples\\benchmark\\real_small_batch\\lead_time_0\\253448001",
  "instance_name": "253448001",
  "promised_lead_time": 0,
  "model": "google/gemini-3-pro-preview",
  "num_runs_llm": 1,
  "num_runs_deterministic": 1,
  "max_periods": null,
  "summary": {
    "perfect_score": 9720.0,
    "ratios": {
      "or": 0.812037037037037,
      "llm": 0.831275720164609,
      "or_to_llm": 0.8291152263374486,
      "perfect_score": 1.0,
      "llm_to_or": 0.8180041152263374
    },
    "warnings": null
  },
  "results": {
    "or": {
      "rewards": [
        7893.0
      ],
      "mean": 7893.0,
      "std": 0.0,
      "min": 7893.0,
      "max": 7893.0,
      "count": 1,
      "ratio_to_perfect": 0.812037037037037
    },
    "llm": {
      "rewards": [
        8080.0
      ],
      "mean": 8080.0,
      "std": 0.0,
      "min": 8080.0,
      "max": 8080.0,
      "count": 1,
      "ratio_to_perfect": 0.831275720164609
    },
    "llm_to_or": {
      "rewards": [
        7951.0
      ],
      "mean": 7951.0,
      "std": 0.0,
      "min": 7951.0,
      "max": 7951.0,
      "count": 1,
      "ratio_to_perfect": 0.8180041152263374
    },
    "or_to_llm": {
      "rewards": [
        8059.0
      ],
      "mean": 8059.0,
      "std": 0.0,
      "min": 8059.0,
      "max": 8059.0,
      "count": 1,
      "ratio_to_perfect": 0.8291152263374486
    },
    "perfect_score": {
      "rewards": [
        9720.0
      ],
      "mean": 9720.0,
      "std": 0.0,
      "min": 9720.0,
      "max": 9720.0,
      "count": 1,
      "ratio_to_perfect": 1.0
    }
  },
  "errors": {}
}