{
  "instance_dir": "D:\\TextArena\\examples\\benchmark\\synthetic_small_batch\\p_h_med\\lead_time_0\\p06_variance_change\\v1_normal_to_uniform\\r1",
  "instance_name": "r1",
  "promised_lead_time": 0,
  "model": "google/gemini-3-pro-preview",
  "num_runs_llm": 1,
  "num_runs_deterministic": 1,
  "max_periods": null,
  "summary": {
    "perfect_score": 20492.0,
    "ratios": {
      "or": 0.8299336326371267,
      "llm": 0.7725941343939586,
      "llm_to_or": 0.8092914308022643,
      "or_to_llm": 0.8258832715205934,
      "perfect_score": 1.0
    },
    "warnings": null
  },
  "results": {
    "or": {
      "rewards": [
        17007.0
      ],
      "mean": 17007.0,
      "std": 0.0,
      "min": 17007.0,
      "max": 17007.0,
      "count": 1,
      "ratio_to_perfect": 0.8299336326371267
    },
    "llm": {
      "rewards": [
        15831.0
      ],
      "mean": 15831.0,
      "std": 0.0,
      "min": 15831.0,
      "max": 15831.0,
      "count": 1,
      "ratio_to_perfect": 0.7725941343939586
    },
    "llm_to_or": {
      "rewards": [
        16584.0
      ],
      "mean": 16584.0,
      "std": 0.0,
      "min": 16584.0,
      "max": 16584.0,
      "count": 1,
      "ratio_to_perfect": 0.8092914308022643
    },
    "or_to_llm": {
      "rewards": [
        16924.0
      ],
      "mean": 16924.0,
      "std": 0.0,
      "min": 16924.0,
      "max": 16924.0,
      "count": 1,
      "ratio_to_perfect": 0.8258832715205934
    },
    "perfect_score": {
      "rewards": [
        20492.0
      ],
      "mean": 20492.0,
      "std": 0.0,
      "min": 20492.0,
      "max": 20492.0,
      "count": 1,
      "ratio_to_perfect": 1.0
    }
  },
  "errors": {}
}