{
  "instance_dir": "D:\\TextArena\\examples\\H&M_instances\\weekly_H&M_instances\\372860001",
  "instance_name": "372860001",
  "promised_lead_time": 0,
  "num_runs_llm": 5,
  "num_runs_deterministic": 1,
  "max_periods": null,
  "results": {
    "or": {
      "rewards": [
        51207.0
      ],
      "mean": 51207.0,
      "std": 0.0,
      "min": 51207.0,
      "max": 51207.0,
      "count": 1
    },
    "llm": {
      "rewards": [
        49960.0,
        50726.0,
        48597.0,
        49969.0,
        51010.0
      ],
      "mean": 50052.4,
      "std": 837.1878164426428,
      "min": 48597.0,
      "max": 51010.0,
      "count": 5
    },
    "llm_to_or": {
      "rewards": [
        51283.0,
        51565.0,
        51339.0,
        51345.0,
        51750.0
      ],
      "mean": 51456.4,
      "std": 175.64464125045205,
      "min": 51283.0,
      "max": 51750.0,
      "count": 5
    },
    "simple_llm_to_or": {
      "rewards": [
        51200.0,
        51546.0,
        51286.0,
        51249.0,
        51173.0
      ],
      "mean": 51290.8,
      "std": 133.43073109295324,
      "min": 51173.0,
      "max": 51546.0,
      "count": 5
    },
    "or_to_llm": {
      "rewards": [
        50552.0,
        51014.0,
        50869.0,
        50913.0,
        50835.0
      ],
      "mean": 50836.6,
      "std": 154.5038510846898,
      "min": 50552.0,
      "max": 51014.0,
      "count": 5
    },
    "perfect_score": {
      "rewards": [
        56792.0
      ],
      "mean": 56792.0,
      "std": 0.0,
      "min": 56792.0,
      "max": 56792.0,
      "count": 1
    }
  },
  "errors": {}
}