{
  "instance_dir": "D:\\TextArena\\examples\\H&M_instances\\weekly_H&M_instances\\372860001",
  "instance_name": "372860001",
  "promised_lead_time": 4,
  "num_runs_llm": 5,
  "num_runs_deterministic": 1,
  "max_periods": null,
  "results": {
    "or": {
      "rewards": [
        38323.0
      ],
      "mean": 38323.0,
      "std": 0.0,
      "min": 38323.0,
      "max": 38323.0,
      "count": 1
    },
    "llm": {
      "rewards": [
        28548.0,
        33839.0,
        28285.0,
        22417.0,
        31282.0
      ],
      "mean": 28874.2,
      "std": 3810.399842536214,
      "min": 22417.0,
      "max": 33839.0,
      "count": 5
    },
    "llm_to_or": {
      "rewards": [
        40309.0,
        40224.0,
        40655.0,
        39453.0,
        40208.0
      ],
      "mean": 40169.8,
      "std": 393.1907425156396,
      "min": 39453.0,
      "max": 40655.0,
      "count": 5
    },
    "simple_llm_to_or": {
      "rewards": [
        40667.0,
        40240.0,
        40424.0,
        40488.0,
        40747.0
      ],
      "mean": 40513.2,
      "std": 179.74804588645742,
      "min": 40240.0,
      "max": 40747.0,
      "count": 5
    },
    "or_to_llm": {
      "rewards": [
        37135.0,
        36890.0,
        38773.0,
        39026.0,
        36361.0
      ],
      "mean": 37637.0,
      "std": 1063.7674557909731,
      "min": 36361.0,
      "max": 39026.0,
      "count": 5
    },
    "perfect_score": {
      "rewards": [
        50504.0
      ],
      "mean": 50504.0,
      "std": 0.0,
      "min": 50504.0,
      "max": 50504.0,
      "count": 1
    }
  },
  "errors": {}
}