{
  "instance_dir": "D:\\TextArena\\examples\\H&M_instances\\weekly_H&M_instances\\372860001",
  "instance_name": "372860001",
  "promised_lead_time": 2,
  "num_runs_llm": 5,
  "num_runs_deterministic": 1,
  "max_periods": null,
  "results": {
    "or": {
      "rewards": [
        10409.0
      ],
      "mean": 10409.0,
      "std": 0.0,
      "min": 10409.0,
      "max": 10409.0,
      "count": 1
    },
    "llm": {
      "rewards": [
        23935.0,
        16466.0,
        21232.0,
        25772.0,
        19048.0
      ],
      "mean": 21290.6,
      "std": 3328.2202811713046,
      "min": 16466.0,
      "max": 25772.0,
      "count": 5
    },
    "llm_to_or": {
      "rewards": [
        18115.0,
        22572.0,
        14982.0,
        19934.0,
        20975.0
      ],
      "mean": 19315.6,
      "std": 2606.21170283613,
      "min": 14982.0,
      "max": 22572.0,
      "count": 5
    },
    "simple_llm_to_or": {
      "rewards": [
        8899.0,
        8639.0,
        9142.0,
        9043.0,
        8761.0
      ],
      "mean": 8896.8,
      "std": 182.43069917094545,
      "min": 8639.0,
      "max": 9142.0,
      "count": 5
    },
    "or_to_llm": {
      "rewards": [
        28310.0,
        24755.0,
        26260.0,
        23988.0,
        23736.0
      ],
      "mean": 25409.8,
      "std": 1696.2243247872611,
      "min": 23736.0,
      "max": 28310.0,
      "count": 5
    },
    "perfect_score": {
      "rewards": [
        55644.0
      ],
      "mean": 55644.0,
      "std": 0.0,
      "min": 55644.0,
      "max": 55644.0,
      "count": 1
    }
  },
  "errors": {}
}