{
  "instance_dir": "D:\\TextArena\\examples\\H&M_instances\\weekly_H&M_instances\\568601006",
  "instance_name": "568601006",
  "promised_lead_time": 2,
  "num_runs_llm": 5,
  "num_runs_deterministic": 1,
  "max_periods": null,
  "results": {
    "or": {
      "rewards": [
        4553.0
      ],
      "mean": 4553.0,
      "std": 0.0,
      "min": 4553.0,
      "max": 4553.0,
      "count": 1
    },
    "llm": {
      "rewards": [
        24224.0,
        21690.0,
        23221.0,
        22027.0,
        21554.0
      ],
      "mean": 22543.2,
      "std": 1025.4199920032765,
      "min": 21554.0,
      "max": 24224.0,
      "count": 5
    },
    "llm_to_or": {
      "rewards": [
        12604.0,
        13753.0,
        16167.0,
        15078.0,
        17469.0
      ],
      "mean": 15014.2,
      "std": 1718.0658194609425,
      "min": 12604.0,
      "max": 17469.0,
      "count": 5
    },
    "simple_llm_to_or": {
      "rewards": [
        9899.0,
        11478.0,
        11884.0,
        11464.0,
        13477.0
      ],
      "mean": 11640.4,
      "std": 1142.138800671792,
      "min": 9899.0,
      "max": 13477.0,
      "count": 5
    },
    "or_to_llm": {
      "rewards": [
        22979.0,
        22282.0,
        20502.0,
        22169.0,
        21525.0
      ],
      "mean": 21891.4,
      "std": 833.9286780054994,
      "min": 20502.0,
      "max": 22979.0,
      "count": 5
    },
    "perfect_score": {
      "rewards": [
        39920.0
      ],
      "mean": 39920.0,
      "std": 0.0,
      "min": 39920.0,
      "max": 39920.0,
      "count": 1
    }
  },
  "errors": {}
}