{
  "instance_dir": "D:\\TextArena\\examples\\H&M_instances\\weekly_H&M_instances\\568601006",
  "instance_name": "568601006",
  "promised_lead_time": 4,
  "num_runs_llm": 5,
  "num_runs_deterministic": 1,
  "max_periods": null,
  "results": {
    "or": {
      "rewards": [
        24021.0
      ],
      "mean": 24021.0,
      "std": 0.0,
      "min": 24021.0,
      "max": 24021.0,
      "count": 1
    },
    "llm": {
      "rewards": [
        22400.0,
        20053.0,
        20577.0,
        17416.0,
        17294.0
      ],
      "mean": 19548.0,
      "std": 1953.1364519664262,
      "min": 17294.0,
      "max": 22400.0,
      "count": 5
    },
    "llm_to_or": {
      "rewards": [
        25168.0,
        26864.0,
        26301.0,
        26778.0
      ],
      "mean": 26277.75,
      "std": 675.6524161874951,
      "min": 25168.0,
      "max": 26864.0,
      "count": 4
    },
    "simple_llm_to_or": {
      "rewards": [
        25902.0,
        26272.0,
        25320.0,
        26023.0,
        26893.0
      ],
      "mean": 26082.0,
      "std": 511.9269479134694,
      "min": 25320.0,
      "max": 26893.0,
      "count": 5
    },
    "or_to_llm": {
      "rewards": [
        22840.0,
        24798.0,
        21150.0,
        26798.0,
        23189.0
      ],
      "mean": 23755.0,
      "std": 1912.658045757265,
      "min": 21150.0,
      "max": 26798.0,
      "count": 5
    },
    "perfect_score": {
      "rewards": [
        39064.0
      ],
      "mean": 39064.0,
      "std": 0.0,
      "min": 39064.0,
      "max": 39064.0,
      "count": 1
    }
  },
  "errors": {
    "llm_to_or": [
      "Could not extract reward from output. Exit code: 1"
    ]
  }
}