{
  "instance_dir": "D:\\TextArena\\examples\\H&M_instances\\weekly_H&M_instances\\568601006",
  "instance_name": "568601006",
  "promised_lead_time": 0,
  "num_runs_llm": 5,
  "num_runs_deterministic": 1,
  "max_periods": null,
  "results": {
    "or": {
      "rewards": [
        34025.0
      ],
      "mean": 34025.0,
      "std": 0.0,
      "min": 34025.0,
      "max": 34025.0,
      "count": 1
    },
    "llm": {
      "rewards": [
        35831.0,
        36164.0,
        35263.0,
        35345.0,
        35725.0
      ],
      "mean": 35665.6,
      "std": 329.89671110818915,
      "min": 35263.0,
      "max": 36164.0,
      "count": 5
    },
    "llm_to_or": {
      "rewards": [
        34159.0,
        34922.0,
        34399.0,
        34869.0,
        34799.0
      ],
      "mean": 34629.6,
      "std": 298.7129726007895,
      "min": 34159.0,
      "max": 34922.0,
      "count": 5
    },
    "simple_llm_to_or": {
      "rewards": [
        36621.0,
        36425.0,
        36310.0,
        37229.0,
        36752.0
      ],
      "mean": 36667.4,
      "std": 319.7490265817865,
      "min": 36310.0,
      "max": 37229.0,
      "count": 5
    },
    "or_to_llm": {
      "rewards": [
        35567.0,
        35525.0,
        35172.0,
        34872.0,
        35573.0
      ],
      "mean": 35341.8,
      "std": 278.30731215690327,
      "min": 34872.0,
      "max": 35573.0,
      "count": 5
    },
    "perfect_score": {
      "rewards": [
        42756.0
      ],
      "mean": 42756.0,
      "std": 0.0,
      "min": 42756.0,
      "max": 42756.0,
      "count": 1
    }
  },
  "errors": {}
}