{
  "instance_dir": "D:\\TextArena\\examples\\benchmark\\real_small_batch\\lead_time_0\\108775044",
  "instance_name": "108775044",
  "promised_lead_time": 0,
  "model": "gpt-5-mini",
  "num_runs_llm": 1,
  "num_runs_deterministic": 1,
  "max_periods": null,
  "summary": {
    "perfect_score": 16776.0,
    "ratios": {
      "or": 0.5391630901287554,
      "llm": 0.780758226037196,
      "llm_to_or": 0.7954220314735336,
      "or_to_llm": 0.8301144492131617,
      "perfect_score": 1.0
    }
  },
  "results": {
    "or": {
      "rewards": [
        9045.0
      ],
      "mean": 9045.0,
      "std": 0.0,
      "min": 9045.0,
      "max": 9045.0,
      "count": 1,
      "ratio_to_perfect": 0.5391630901287554
    },
    "llm": {
      "rewards": [
        13098.0
      ],
      "mean": 13098.0,
      "std": 0.0,
      "min": 13098.0,
      "max": 13098.0,
      "count": 1,
      "ratio_to_perfect": 0.780758226037196
    },
    "llm_to_or": {
      "rewards": [
        13344.0
      ],
      "mean": 13344.0,
      "std": 0.0,
      "min": 13344.0,
      "max": 13344.0,
      "count": 1,
      "ratio_to_perfect": 0.7954220314735336
    },
    "or_to_llm": {
      "rewards": [
        13926.0
      ],
      "mean": 13926.0,
      "std": 0.0,
      "min": 13926.0,
      "max": 13926.0,
      "count": 1,
      "ratio_to_perfect": 0.8301144492131617
    },
    "perfect_score": {
      "rewards": [
        16776.0
      ],
      "mean": 16776.0,
      "std": 0.0,
      "min": 16776.0,
      "max": 16776.0,
      "count": 1,
      "ratio_to_perfect": 1.0
    }
  },
  "errors": {}
}