{
  "instance_dir": "D:\\TextArena\\examples\\benchmark\\real_small_batch\\lead_time_0\\148033001",
  "instance_name": "148033001",
  "promised_lead_time": 0,
  "model": "google/gemini-3-pro-preview",
  "num_runs_llm": 1,
  "num_runs_deterministic": 1,
  "max_periods": null,
  "summary": {
    "perfect_score": 11276.0,
    "ratios": {
      "or": 0.72534586732884,
      "llm": 0.8743348705214615,
      "llm_to_or": 0.8572188719404044,
      "or_to_llm": 0.8542923022348351,
      "perfect_score": 1.0
    }
  },
  "results": {
    "or": {
      "rewards": [
        8179.0
      ],
      "mean": 8179.0,
      "std": 0.0,
      "min": 8179.0,
      "max": 8179.0,
      "count": 1,
      "ratio_to_perfect": 0.72534586732884
    },
    "llm": {
      "rewards": [
        9859.0
      ],
      "mean": 9859.0,
      "std": 0.0,
      "min": 9859.0,
      "max": 9859.0,
      "count": 1,
      "ratio_to_perfect": 0.8743348705214615
    },
    "llm_to_or": {
      "rewards": [
        9666.0
      ],
      "mean": 9666.0,
      "std": 0.0,
      "min": 9666.0,
      "max": 9666.0,
      "count": 1,
      "ratio_to_perfect": 0.8572188719404044
    },
    "or_to_llm": {
      "rewards": [
        9633.0
      ],
      "mean": 9633.0,
      "std": 0.0,
      "min": 9633.0,
      "max": 9633.0,
      "count": 1,
      "ratio_to_perfect": 0.8542923022348351
    },
    "perfect_score": {
      "rewards": [
        11276.0
      ],
      "mean": 11276.0,
      "std": 0.0,
      "min": 11276.0,
      "max": 11276.0,
      "count": 1,
      "ratio_to_perfect": 1.0
    }
  },
  "errors": {}
}