{
  "instance_dir": "D:\\TextArena\\examples\\initial_synthetic_demand_files\\case2_sudden_shift_cp15",
  "instance_name": "case2_sudden_shift_cp15",
  "promised_lead_time": 0,
  "num_runs_llm": 5,
  "num_runs_deterministic": 1,
  "max_periods": null,
  "results": {
    "or": {
      "rewards": [
        30813.0
      ],
      "mean": 30813.0,
      "std": 0.0,
      "min": 30813.0,
      "max": 30813.0,
      "count": 1
    },
    "llm": {
      "rewards": [
        32518.0,
        32358.0,
        31541.0,
        32379.0,
        32338.0
      ],
      "mean": 32226.8,
      "std": 348.6725684650285,
      "min": 31541.0,
      "max": 32518.0,
      "count": 5
    },
    "llm_to_or": {
      "rewards": [
        32406.0,
        32555.0,
        32441.0,
        32653.0,
        32353.0
      ],
      "mean": 32481.6,
      "std": 108.32100442665771,
      "min": 32353.0,
      "max": 32653.0,
      "count": 5
    },
    "simple_llm_to_or": {
      "rewards": [
        32105.0,
        32110.0,
        32053.0,
        32007.0
      ],
      "mean": 32068.75,
      "std": 42.06171061666418,
      "min": 32007.0,
      "max": 32110.0,
      "count": 4
    },
    "or_to_llm": {
      "rewards": [
        32301.0,
        32475.0,
        32464.0,
        32600.0,
        32418.0
      ],
      "mean": 32451.6,
      "std": 96.47092826338927,
      "min": 32301.0,
      "max": 32600.0,
      "count": 5
    },
    "perfect_score": {
      "rewards": [
        34652.0
      ],
      "mean": 34652.0,
      "std": 0.0,
      "min": 34652.0,
      "max": 34652.0,
      "count": 1
    }
  },
  "errors": {
    "simple_llm_to_or": [
      "Could not extract reward from output. Exit code: 1"
    ]
  }
}