{
  "instance_dir": "D:\\TextArena\\examples\\H&M_instances\\weekly_H&M_instances\\599580017",
  "instance_name": "599580017",
  "promised_lead_time": 4,
  "num_runs_llm": 5,
  "num_runs_deterministic": 1,
  "max_periods": null,
  "results": {
    "or": {
      "rewards": [
        -3303.0
      ],
      "mean": -3303.0,
      "std": 0.0,
      "min": -3303.0,
      "max": -3303.0,
      "count": 1
    },
    "llm": {
      "rewards": [
        -7730.0,
        -3186.0,
        -3876.0,
        16606.0,
        -17541.0
      ],
      "mean": -3145.4,
      "std": 11125.691737595465,
      "min": -17541.0,
      "max": 16606.0,
      "count": 5
    },
    "llm_to_or": {
      "rewards": [
        -14640.0,
        -11734.0,
        -13242.0,
        -11887.0
      ],
      "mean": -12875.75,
      "std": 1175.5782353803595,
      "min": -14640.0,
      "max": -11734.0,
      "count": 4
    },
    "simple_llm_to_or": {
      "rewards": [
        -6458.0,
        -3173.0,
        -9246.0,
        -8328.0
      ],
      "mean": -6801.25,
      "std": 2323.240557389613,
      "min": -9246.0,
      "max": -3173.0,
      "count": 4
    },
    "or_to_llm": {
      "rewards": [
        7612.0,
        1808.0,
        -90.0,
        -10086.0,
        -4687.0
      ],
      "mean": -1088.6,
      "std": 5983.1366890620175,
      "min": -10086.0,
      "max": 7612.0,
      "count": 5
    },
    "perfect_score": {
      "rewards": [
        40064.0
      ],
      "mean": 40064.0,
      "std": 0.0,
      "min": 40064.0,
      "max": 40064.0,
      "count": 1
    }
  },
  "errors": {
    "llm_to_or": [
      "Could not extract reward from output. Exit code: 1"
    ],
    "simple_llm_to_or": [
      "Could not extract reward from output. Exit code: 1"
    ]
  }
}