{
  "instance_dir": "D:\\TextArena\\examples\\H&M_instances\\weekly_H&M_instances\\599580017",
  "instance_name": "599580017",
  "promised_lead_time": 0,
  "num_runs_llm": 5,
  "num_runs_deterministic": 1,
  "max_periods": null,
  "results": {
    "or": {
      "rewards": [
        26733.0
      ],
      "mean": 26733.0,
      "std": 0.0,
      "min": 26733.0,
      "max": 26733.0,
      "count": 1
    },
    "llm": {
      "rewards": [
        37487.0,
        35463.0,
        36664.0,
        37222.0,
        37153.0
      ],
      "mean": 36797.8,
      "std": 718.4292310311433,
      "min": 35463.0,
      "max": 37487.0,
      "count": 5
    },
    "llm_to_or": {
      "rewards": [
        35340.0,
        35597.0,
        35618.0,
        35628.0,
        35602.0
      ],
      "mean": 35557.0,
      "std": 109.06511816341649,
      "min": 35340.0,
      "max": 35628.0,
      "count": 5
    },
    "simple_llm_to_or": {
      "rewards": [
        34167.0,
        34351.0,
        34883.0,
        34571.0,
        34207.0
      ],
      "mean": 34435.8,
      "std": 264.5981103485057,
      "min": 34167.0,
      "max": 34883.0,
      "count": 5
    },
    "or_to_llm": {
      "rewards": [
        36415.0,
        36790.0,
        36010.0,
        36200.0,
        36768.0
      ],
      "mean": 36436.6,
      "std": 307.6202854169406,
      "min": 36010.0,
      "max": 36790.0,
      "count": 5
    },
    "perfect_score": {
      "rewards": [
        42980.0
      ],
      "mean": 42980.0,
      "std": 0.0,
      "min": 42980.0,
      "max": 42980.0,
      "count": 1
    }
  },
  "errors": {}
}