{
  "instance_dir": "D:\\TextArena\\examples\\H&M_instances\\weekly_H&M_instances\\599580017",
  "instance_name": "599580017",
  "promised_lead_time": 2,
  "num_runs_llm": 5,
  "num_runs_deterministic": 1,
  "max_periods": null,
  "results": {
    "or": {
      "rewards": [
        12552.0
      ],
      "mean": 12552.0,
      "std": 0.0,
      "min": 12552.0,
      "max": 12552.0,
      "count": 1
    },
    "llm": {
      "rewards": [
        14382.0,
        97.0,
        22592.0,
        4927.0,
        -10818.0
      ],
      "mean": 6236.0,
      "std": 11524.89279776606,
      "min": -10818.0,
      "max": 22592.0,
      "count": 5
    },
    "llm_to_or": {
      "rewards": [
        14915.0,
        14479.0,
        -4298.0,
        14316.0,
        13455.0
      ],
      "mean": 10573.4,
      "std": 7450.804160625885,
      "min": -4298.0,
      "max": 14915.0,
      "count": 5
    },
    "simple_llm_to_or": {
      "rewards": [
        18136.0,
        16946.0,
        17287.0,
        16815.0,
        16632.0
      ],
      "mean": 17163.2,
      "std": 531.4619083245759,
      "min": 16632.0,
      "max": 18136.0,
      "count": 5
    },
    "or_to_llm": {
      "rewards": [
        3012.0,
        16125.0,
        10018.0,
        10059.0,
        5883.0
      ],
      "mean": 9019.4,
      "std": 4438.319078209677,
      "min": 3012.0,
      "max": 16125.0,
      "count": 5
    },
    "perfect_score": {
      "rewards": [
        42280.0
      ],
      "mean": 42280.0,
      "std": 0.0,
      "min": 42280.0,
      "max": 42280.0,
      "count": 1
    }
  },
  "errors": {}
}