{
  "instance_dir": "D:\\TextArena\\examples\\benchmark\\real_small_batch\\lead_time_0\\120129001",
  "instance_name": "120129001",
  "promised_lead_time": 0,
  "model": "google/gemini-3-pro-preview",
  "num_runs_llm": 1,
  "num_runs_deterministic": 1,
  "max_periods": null,
  "summary": {
    "perfect_score": 11896.0,
    "ratios": {
      "or": 0.86726630800269,
      "llm": 0.8769334229993275,
      "llm_to_or": 0.8623066577000672,
      "or_to_llm": 0.8726462676529926,
      "perfect_score": 1.0
    }
  },
  "results": {
    "or": {
      "rewards": [
        10317.0
      ],
      "mean": 10317.0,
      "std": 0.0,
      "min": 10317.0,
      "max": 10317.0,
      "count": 1,
      "ratio_to_perfect": 0.86726630800269
    },
    "llm": {
      "rewards": [
        10432.0
      ],
      "mean": 10432.0,
      "std": 0.0,
      "min": 10432.0,
      "max": 10432.0,
      "count": 1,
      "ratio_to_perfect": 0.8769334229993275
    },
    "llm_to_or": {
      "rewards": [
        10258.0
      ],
      "mean": 10258.0,
      "std": 0.0,
      "min": 10258.0,
      "max": 10258.0,
      "count": 1,
      "ratio_to_perfect": 0.8623066577000672
    },
    "or_to_llm": {
      "rewards": [
        10381.0
      ],
      "mean": 10381.0,
      "std": 0.0,
      "min": 10381.0,
      "max": 10381.0,
      "count": 1,
      "ratio_to_perfect": 0.8726462676529926
    },
    "perfect_score": {
      "rewards": [
        11896.0
      ],
      "mean": 11896.0,
      "std": 0.0,
      "min": 11896.0,
      "max": 11896.0,
      "count": 1,
      "ratio_to_perfect": 1.0
    }
  },
  "errors": {}
}