{
  "instance_dir": "D:\\TextArena\\examples\\benchmark\\synthetic_small_batch\\p_h_med\\lead_time_4\\p08_multi_changepoint\\v1_up_then_down\\r1",
  "instance_name": "r1",
  "promised_lead_time": 4,
  "model": "google/gemini-3-pro-preview",
  "num_runs_llm": 1,
  "num_runs_deterministic": 1,
  "max_periods": null,
  "summary": {
    "perfect_score": 23744.0,
    "ratios": {
      "or": 0.6150185309973046,
      "llm": 0.5547085579514824,
      "llm_to_or": 0.6381401617250674,
      "or_to_llm": 0.5617419137466307,
      "perfect_score": 1.0
    },
    "warnings": null
  },
  "results": {
    "or": {
      "rewards": [
        14603.0
      ],
      "mean": 14603.0,
      "std": 0.0,
      "min": 14603.0,
      "max": 14603.0,
      "count": 1,
      "ratio_to_perfect": 0.6150185309973046
    },
    "llm": {
      "rewards": [
        13171.0
      ],
      "mean": 13171.0,
      "std": 0.0,
      "min": 13171.0,
      "max": 13171.0,
      "count": 1,
      "ratio_to_perfect": 0.5547085579514824
    },
    "llm_to_or": {
      "rewards": [
        15152.0
      ],
      "mean": 15152.0,
      "std": 0.0,
      "min": 15152.0,
      "max": 15152.0,
      "count": 1,
      "ratio_to_perfect": 0.6381401617250674
    },
    "or_to_llm": {
      "rewards": [
        13338.0
      ],
      "mean": 13338.0,
      "std": 0.0,
      "min": 13338.0,
      "max": 13338.0,
      "count": 1,
      "ratio_to_perfect": 0.5617419137466307
    },
    "perfect_score": {
      "rewards": [
        23744.0
      ],
      "mean": 23744.0,
      "std": 0.0,
      "min": 23744.0,
      "max": 23744.0,
      "count": 1,
      "ratio_to_perfect": 1.0
    }
  },
  "errors": {}
}