{
  "instance_dir": "D:\\TextArena\\examples\\benchmark\\synthetic_small_batch\\p_h_med\\lead_time_0\\p01_stationary_iid\\v1_normal_100_25\\r1",
  "instance_name": "r1",
  "promised_lead_time": 0,
  "model": "google/gemini-3-pro-preview",
  "num_runs_llm": 1,
  "num_runs_deterministic": 1,
  "max_periods": null,
  "summary": {
    "perfect_score": 20488.0,
    "ratios": {
      "or": 0.9137055837563451,
      "llm": 0.899599765716517,
      "llm_to_or": 0.900868801249512,
      "or_to_llm": 0.9036997266692698,
      "perfect_score": 1.0
    },
    "warnings": null
  },
  "results": {
    "or": {
      "rewards": [
        18720.0
      ],
      "mean": 18720.0,
      "std": 0.0,
      "min": 18720.0,
      "max": 18720.0,
      "count": 1,
      "ratio_to_perfect": 0.9137055837563451
    },
    "llm": {
      "rewards": [
        18431.0
      ],
      "mean": 18431.0,
      "std": 0.0,
      "min": 18431.0,
      "max": 18431.0,
      "count": 1,
      "ratio_to_perfect": 0.899599765716517
    },
    "llm_to_or": {
      "rewards": [
        18457.0
      ],
      "mean": 18457.0,
      "std": 0.0,
      "min": 18457.0,
      "max": 18457.0,
      "count": 1,
      "ratio_to_perfect": 0.900868801249512
    },
    "or_to_llm": {
      "rewards": [
        18515.0
      ],
      "mean": 18515.0,
      "std": 0.0,
      "min": 18515.0,
      "max": 18515.0,
      "count": 1,
      "ratio_to_perfect": 0.9036997266692698
    },
    "perfect_score": {
      "rewards": [
        20488.0
      ],
      "mean": 20488.0,
      "std": 0.0,
      "min": 20488.0,
      "max": 20488.0,
      "count": 1,
      "ratio_to_perfect": 1.0
    }
  },
  "errors": {}
}